user_id,age,gender,annual_income,device_mobile,traffic_source,product_category,current_session_duration_sec,time_spent_deviation,pages_viewed,basket_icon_click,cart_items_count_this_session,cart_total_value,scrolled_to_reviews,checked_delivery_pdp,saw_checkout,sign_in,is_returning_user,lifetime_purchases_count,customer_conversion_rate,days_since_last_discount,previous_review_sentiment,social_channels_followed_count,should_receive_discount
usr_0001,56,0,33225.49,1,1,1,105.9,-32.8,4,1,4,185.97,1,0,0,0,0,0,0.005,999,1,1,1
usr_0002,46,1,65798.72,1,3,2,167.1,-18.4,4,1,2,44.9,0,0,1,1,1,3,0.15,5,1,4,0
usr_0003,32,0,82553.51,1,1,0,96.6,-118.1,2,1,3,78.55,0,0,1,0,0,0,0.005,999,1,1,1
usr_0004,60,1,76937.71,0,4,1,53.0,-166.9,1,1,1,27.13,0,0,1,0,0,0,0.005,999,1,1,1
usr_0005,25,1,51158.03,1,2,0,180.4,-3.3,3,1,2,19.21,1,1,1,1,1,4,0.211,30,2,0,0
usr_0006,38,1,81833.07,0,2,0,127.1,-26.0,3,1,1,32.73,1,0,1,1,0,0,0.005,999,1,1,0
usr_0007,56,1,57676.01,1,1,0,116.1,-74.9,6,1,0,3.87,1,1,0,0,0,0,0.005,999,1,1,0
usr_0008,36,0,48932.45,1,2,0,425.1,222.5,5,1,3,115.45,1,0,0,1,0,0,0.005,999,1,0,1
usr_0009,40,0,43958.75,1,4,3,266.2,75.7,8,0,0,4.7,0,0,0,1,1,1,0.033,30,1,1,1
usr_0010,28,1,49555.55,0,4,0,219.0,-10.4,4,1,4,135.42,0,0,1,0,0,0,0.005,999,1,1,1
usr_0011,28,1,48012.82,1,1,2,56.4,-83.0,2,1,0,4.63,0,1,0,0,0,0,0.005,999,1,3,1
usr_0012,41,1,58067.49,1,1,3,184.3,32.2,4,1,2,66.62,0,1,0,1,1,2,0.08,60,2,0,0
usr_0013,53,0,57890.33,1,4,1,164.8,-59.0,5,1,1,26.4,1,0,1,0,0,0,0.005,999,1,2,1
usr_0014,57,1,55054.83,1,4,0,43.1,-78.0,5,1,1,27.08,0,1,1,1,1,3,0.231,12,1,2,0
usr_0015,41,1,62864.89,0,1,2,158.9,0.5,4,0,0,6.41,1,0,0,1,1,5,0.333,12,2,0,0
usr_0016,20,0,76431.63,1,2,2,367.1,216.4,9,1,1,37.88,1,0,1,1,1,5,0.357,12,1,0,0
usr_0017,39,0,72091.97,1,2,2,274.1,156.7,7,1,1,33.65,0,0,1,1,1,2,0.167,5,2,3,0
usr_0018,19,1,28271.84,1,4,2,184.2,11.7,4,1,2,73.6,0,0,1,1,1,5,0.147,30,1,0,1
usr_0019,41,1,18000.0,0,1,3,159.6,-50.3,4,0,0,4.53,0,0,0,0,0,0,0.005,999,1,0,1
usr_0020,61,1,71817.76,1,1,1,94.2,-92.1,2,0,0,6.2,0,1,0,1,1,1,0.167,30,2,1,0
usr_0021,47,0,30396.18,1,3,0,222.7,10.7,5,0,0,6.08,1,0,0,1,1,4,0.444,5,2,1,0
usr_0022,55,1,50954.22,1,1,2,210.4,-17.3,5,1,1,15.41,0,1,0,0,0,0,0.005,999,1,1,0
usr_0023,19,0,33937.97,0,2,0,202.3,37.7,5,1,2,78.5,1,0,0,1,1,4,0.182,60,2,4,1
usr_0024,38,0,22564.35,1,2,3,71.1,-214.8,2,1,3,116.02,1,0,1,0,0,0,0.005,999,1,3,1
usr_0025,50,0,64746.33,0,2,0,248.2,82.0,5,0,0,6.35,0,1,0,0,0,0,0.005,999,1,3,0
usr_0026,29,1,68664.79,0,2,0,85.7,-85.8,2,1,1,41.95,1,1,0,1,1,0,0.005,999,1,1,1
usr_0027,39,1,44622.81,0,2,3,226.3,74.6,6,1,2,28.52,1,1,0,1,1,6,0.3,5,1,4,0
usr_0028,61,1,18000.0,1,1,1,243.2,41.4,5,1,1,34.82,1,0,1,1,1,3,0.231,30,2,2,1
usr_0029,42,0,45167.6,1,3,1,55.0,-113.4,1,1,1,32.32,0,1,1,0,0,0,0.005,999,1,3,0
usr_0030,44,1,62052.47,1,4,1,202.2,25.4,6,1,1,29.52,0,1,1,1,1,1,0.043,30,1,1,1
usr_0031,59,0,28379.59,0,3,3,232.5,60.7,4,0,0,6.09,0,0,0,0,0,0,0.005,999,1,0,0
usr_0032,45,1,58300.48,1,1,0,141.1,-29.8,5,0,0,4.98,0,0,0,1,1,3,0.273,90,0,3,1
usr_0033,33,0,54724.42,1,1,3,123.0,-63.3,4,0,0,4.92,1,0,0,1,1,6,0.5,90,2,1,1
usr_0034,32,0,65427.25,1,1,0,300.6,138.6,6,1,1,40.01,1,0,0,1,1,6,0.375,5,0,4,1
usr_0035,64,1,57152.45,1,2,2,134.5,-29.4,2,0,0,4.92,1,0,0,1,0,0,0.005,999,1,0,1
usr_0036,61,0,37484.76,0,2,3,144.8,-78.1,4,0,0,5.98,0,1,0,1,1,7,0.389,180,2,4,1
usr_0037,20,1,76538.29,1,3,0,147.4,-20.9,3,1,1,37.15,0,0,1,1,1,1,0.036,30,2,0,0
usr_0038,54,1,52146.47,0,1,1,89.6,-105.7,3,1,0,5.41,1,1,0,1,1,2,0.069,5,1,1,0
usr_0039,24,0,54508.52,1,1,0,41.4,-103.0,1,0,0,3.85,0,1,0,1,1,4,0.143,5,2,1,0
usr_0040,38,1,38201.18,0,2,2,226.8,64.6,4,1,3,95.51,0,0,1,1,1,3,0.136,90,1,2,1
usr_0041,26,0,47020.92,0,3,1,145.7,15.0,3,0,0,4.67,0,0,0,1,1,7,0.2,60,0,2,1
usr_0042,56,1,39073.55,1,1,2,228.3,-25.9,4,1,2,45.75,0,0,1,1,1,2,0.074,60,2,1,1
usr_0043,35,1,51886.97,1,3,0,224.6,-10.4,4,1,1,28.5,1,1,1,0,0,0,0.005,999,1,0,1
usr_0044,21,1,85810.75,0,1,0,102.1,-101.7,6,1,2,38.68,0,1,0,0,0,0,0.005,999,1,1,1
usr_0045,42,0,30305.78,1,4,0,89.4,-176.6,3,1,1,32.99,1,0,1,1,1,6,0.273,12,2,1,0
usr_0046,31,1,25955.89,1,4,0,229.0,18.2,5,0,0,5.32,1,1,0,1,1,1,0.067,180,2,2,1
usr_0047,26,1,81481.07,0,1,1,51.8,-121.3,2,1,2,55.97,0,0,0,1,1,1,0.033,12,2,0,1
usr_0048,43,0,51232.17,1,1,3,94.5,-100.4,3,1,1,43.88,1,1,1,0,0,0,0.005,999,1,1,0
usr_0049,19,0,42956.69,0,2,2,298.1,63.7,5,1,2,50.83,0,0,1,0,0,0,0.005,999,1,4,1
usr_0050,37,1,73718.28,1,1,1,146.5,1.7,4,1,1,30.72,1,0,0,1,1,4,0.167,12,2,0,0
usr_0051,45,1,44098.92,1,3,3,352.2,219.1,7,1,4,113.32,0,0,1,1,1,2,0.125,90,1,2,1
usr_0052,64,1,87868.17,0,4,2,329.8,133.6,8,1,2,57.67,1,0,1,0,0,0,0.005,999,1,0,1
usr_0053,24,1,67202.67,0,3,3,235.4,78.9,7,1,4,216.7,0,0,1,1,0,0,0.005,999,1,0,1
usr_0054,61,1,46217.59,1,4,1,72.6,-17.0,3,1,1,18.12,1,1,0,1,1,3,0.094,180,2,2,0
usr_0055,25,0,93831.55,1,2,0,269.3,139.0,6,1,1,37.15,1,0,0,0,0,0,0.005,999,1,1,1
usr_0056,64,0,44097.13,1,1,0,357.2,189.7,6,1,2,102.84,0,1,0,0,0,0,0.005,999,1,1,1
usr_0057,52,0,68357.72,1,3,2,141.2,-40.7,4,1,3,121.9,1,0,1,0,0,0,0.005,999,1,3,1
usr_0058,31,1,60387.27,1,2,0,257.4,74.3,6,1,4,129.5,0,1,1,0,0,0,0.005,999,1,3,1
usr_0059,34,0,78431.34,0,3,0,186.6,-73.6,8,1,1,22.62,0,1,1,1,1,3,0.158,12,0,3,1
usr_0060,53,1,83107.2,1,1,1,140.2,-31.5,4,1,2,84.88,1,1,1,0,0,0,0.005,999,1,2,1
usr_0061,57,1,55576.07,1,1,1,233.0,41.9,5,0,0,3.81,1,0,0,0,0,0,0.005,999,1,1,0
usr_0062,21,1,41438.48,0,4,2,306.0,191.0,6,1,1,19.76,0,0,1,1,1,4,0.235,180,2,1,1
usr_0063,19,0,63279.5,0,1,0,292.5,113.7,6,1,0,4.34,0,1,0,1,0,0,0.005,999,1,2,1
usr_0064,23,1,42801.12,0,4,1,90.6,-102.8,5,1,1,22.35,1,0,0,1,0,0,0.005,999,1,1,1
usr_0065,59,0,91240.97,1,4,2,150.6,25.6,4,1,3,27.37,1,0,0,0,0,0,0.005,999,1,0,1
usr_0066,21,1,57457.64,1,3,3,126.1,-16.5,4,0,0,3.32,0,0,0,1,1,1,0.034,180,1,0,1
usr_0067,46,0,48424.21,0,3,2,121.4,-78.2,3,1,1,32.84,0,1,1,1,1,3,0.2,12,2,1,0
usr_0068,35,0,58324.25,1,3,3,128.5,-29.6,3,1,1,36.64,1,1,1,1,1,3,0.158,60,1,0,0
usr_0069,43,1,30751.73,0,4,2,329.3,153.4,6,1,0,6.9,1,1,0,1,0,0,0.005,999,1,0,1
usr_0070,61,0,37510.95,1,1,1,186.7,-14.9,4,1,1,42.99,1,0,1,1,1,4,0.286,12,2,2,0
usr_0071,51,0,76607.45,0,2,0,69.5,-192.0,1,1,1,40.24,0,0,1,1,1,6,0.171,180,1,0,0
usr_0072,27,1,43175.9,1,3,2,75.7,-95.4,2,0,0,4.53,1,1,0,1,1,1,0.067,12,1,2,0
usr_0073,53,1,36155.6,1,2,2,150.5,-100.3,6,1,2,59.96,1,0,1,0,0,0,0.005,999,1,2,1
usr_0074,31,1,64659.75,1,2,2,299.8,198.2,5,1,4,140.25,0,0,0,0,0,0,0.005,999,1,0,1
usr_0075,48,1,76342.67,1,2,1,328.9,143.0,7,0,0,6.72,1,0,0,0,0,0,0.005,999,1,0,1
usr_0076,32,1,67941.16,0,3,1,199.0,32.4,6,0,0,3.3,1,0,0,0,0,0,0.005,999,1,0,1
usr_0077,25,0,72928.86,1,4,0,57.8,-100.9,1,1,1,29.64,0,0,0,0,0,0,0.005,999,1,1,1
usr_0078,31,0,41377.69,0,1,1,312.6,106.3,6,1,2,74.65,1,0,1,1,1,2,0.167,180,1,2,1
usr_0079,40,0,29407.41,0,4,0,261.1,89.7,6,1,1,42.52,1,0,0,0,0,0,0.005,999,1,1,1
usr_0080,57,1,82024.01,1,3,3,200.0,101.0,6,0,0,5.24,1,0,0,1,1,2,0.2,180,2,1,1
usr_0081,38,1,49191.76,0,4,0,186.0,69.5,5,1,1,34.67,1,1,0,1,1,5,0.238,180,0,1,1
usr_0082,33,0,50485.01,0,3,0,186.4,-22.5,4,1,4,174.64,0,0,0,0,0,0,0.005,999,1,2,1
usr_0083,62,1,78907.49,1,3,1,266.8,152.3,6,1,1,35.39,0,0,0,1,0,0,0.005,999,1,0,1
usr_0084,35,1,65012.14,1,1,2,285.2,75.2,5,1,1,31.29,1,1,0,0,0,0,0.005,999,1,2,1
usr_0085,64,0,63205.98,1,4,1,306.0,121.0,8,1,4,175.32,0,1,1,1,0,0,0.005,999,1,2,1
usr_0086,41,1,93970.04,0,1,0,97.8,-75.4,3,1,2,75.52,0,0,0,1,1,3,0.231,12,2,0,0
usr_0087,43,1,43416.67,0,4,1,225.3,48.6,3,1,2,84.83,0,1,0,0,0,0,0.005,999,1,1,1
usr_0088,42,1,71701.12,1,4,0,265.1,64.5,6,1,1,22.5,0,0,0,1,1,4,0.267,5,1,0,0
usr_0089,62,0,56026.24,0,1,3,262.6,129.7,5,1,4,100.47,1,0,1,1,1,1,0.033,30,1,1,1
usr_0090,58,1,59834.66,0,1,3,290.1,108.4,6,1,2,50.92,0,0,1,0,0,0,0.005,999,1,0,1
usr_0091,46,1,82512.43,1,3,1,265.9,131.5,6,1,3,100.36,0,0,1,1,1,0,0.005,999,2,0,1
usr_0092,32,1,64141.04,1,1,0,236.1,49.6,6,1,2,93.19,1,1,0,1,1,1,0.05,30,2,1,1
usr_0093,62,1,64689.33,1,4,2,31.6,-174.3,3,1,2,45.78,1,0,0,0,0,0,0.005,999,1,2,1
usr_0094,18,1,74305.13,0,1,0,148.7,-37.9,5,1,1,39.24,1,0,1,1,1,4,0.235,180,2,4,1
usr_0095,42,1,48430.85,0,1,1,232.2,27.9,5,1,1,22.38,1,1,1,0,0,0,0.005,999,1,2,1
usr_0096,24,0,39894.23,1,4,0,19.9,-132.1,1,1,2,97.88,1,0,0,1,1,8,0.333,12,2,1,1
usr_0097,26,1,36193.43,0,3,3,135.1,-42.4,3,1,1,19.23,1,1,1,0,0,0,0.005,999,1,4,1
usr_0098,41,1,19605.58,1,4,0,60.4,-110.1,1,1,1,37.92,1,1,0,1,0,0,0.005,999,1,0,0
usr_0099,18,0,92011.73,1,2,1,312.5,144.6,6,1,0,6.69,1,0,0,1,1,3,0.3,60,2,0,0
usr_0100,61,1,35142.25,1,3,2,389.9,241.9,8,1,2,73.92,0,1,1,0,0,0,0.005,999,1,1,1
usr_0101,25,1,51017.43,0,3,1,167.0,4.3,3,0,0,5.33,1,0,0,0,0,0,0.005,999,1,1,1
usr_0102,41,1,50017.36,0,3,0,131.0,-4.5,2,1,2,47.1,0,0,0,0,0,0,0.005,999,1,1,1
usr_0103,28,1,60533.32,1,3,3,331.4,219.2,6,1,1,42.18,0,0,0,1,1,3,0.3,180,1,2,1
usr_0104,34,0,69683.27,1,3,1,181.9,29.9,4,0,0,3.51,0,1,0,0,0,0,0.005,999,1,0,1
usr_0105,25,1,70488.52,1,2,2,242.8,37.8,6,1,1,40.28,0,1,1,1,1,3,0.167,180,0,1,1
usr_0106,52,1,44504.61,0,1,0,178.0,-11.4,4,1,1,41.25,1,0,1,1,1,2,0.077,180,0,1,1
usr_0107,52,0,51991.81,0,3,1,85.9,-43.8,2,1,1,19.71,1,0,1,1,1,2,0.1,30,2,3,0
usr_0108,50,1,60086.44,1,1,1,172.7,8.9,3,1,1,19.47,1,0,1,0,0,0,0.005,999,1,4,0
usr_0109,22,1,50523.56,1,3,0,200.0,-7.7,4,0,0,4.31,1,1,0,0,0,0,0.005,999,1,2,1
usr_0110,59,1,83932.22,1,1,0,189.6,27.5,5,1,4,112.65,0,1,0,1,1,5,0.2,12,2,1,0
usr_0111,56,1,63837.55,0,3,3,124.3,1.0,2,0,0,2.99,1,1,0,1,1,1,0.125,90,2,2,0
usr_0112,58,0,68227.8,1,3,0,85.5,-184.8,2,1,2,68.44,0,1,1,1,1,1,0.038,90,2,0,1
usr_0113,45,0,66931.86,1,1,0,241.7,68.4,8,1,1,40.92,1,0,0,1,1,3,0.13,60,2,4,1
usr_0114,24,0,76122.53,1,1,1,132.1,-1.4,3,1,1,29.65,0,0,1,0,0,0,0.005,999,1,3,1
usr_0115,26,1,58258.39,1,1,2,132.9,-54.0,4,1,1,25.48,0,0,0,1,1,4,0.143,30,2,1,0
usr_0116,25,0,31657.02,0,3,0,217.4,40.8,4,1,2,77.01,1,1,0,0,0,0,0.005,999,1,2,1
usr_0117,29,0,62194.38,1,4,1,221.5,103.2,7,1,2,59.49,1,0,0,1,1,3,0.15,60,2,1,1
usr_0118,51,0,43275.58,0,1,0,244.2,60.5,6,1,2,65.72,1,0,1,1,1,1,0.059,90,2,0,1
usr_0119,50,1,45484.9,1,3,0,63.8,-155.5,1,0,0,5.28,1,1,0,0,0,0,0.005,999,1,2,0
usr_0120,40,1,65554.55,1,2,0,169.8,-0.9,5,1,2,69.44,0,1,0,1,1,5,0.172,180,2,1,1
usr_0121,41,0,77289.1,1,2,3,282.1,184.5,6,1,1,23.89,1,0,1,1,0,0,0.005,999,1,4,1
usr_0122,54,0,55382.89,1,4,0,154.1,-39.6,5,0,0,4.89,1,1,0,1,1,3,0.115,180,1,1,1
usr_0123,52,1,60558.99,0,2,0,184.2,-19.9,4,1,1,31.74,0,1,1,0,0,0,0.005,999,1,3,1
usr_0124,61,1,85639.87,1,2,1,387.0,230.5,8,1,1,25.89,0,0,0,0,0,0,0.005,999,1,2,1
usr_0125,57,0,59333.56,1,1,3,210.0,53.2,5,1,1,36.25,0,0,1,0,0,0,0.005,999,1,3,1
usr_0126,39,1,101830.3,0,1,0,133.7,-136.6,3,1,2,51.76,1,0,1,0,0,0,0.005,999,1,0,1
usr_0127,44,0,65179.17,0,1,1,148.5,-5.2,3,1,1,26.23,0,0,0,1,0,0,0.005,999,1,1,1
usr_0128,52,0,23306.27,1,1,0,232.3,97.2,6,1,1,22.39,0,1,1,1,0,0,0.005,999,1,3,1
usr_0129,18,1,68560.15,0,3,1,164.5,-16.5,3,0,0,4.7,0,0,0,0,0,0,0.005,999,1,2,1
usr_0130,52,0,61860.85,1,2,1,69.0,-134.0,1,1,2,72.55,1,0,0,1,1,1,0.045,12,2,1,1
usr_0131,54,1,78215.55,1,2,1,185.8,-15.5,6,1,1,41.32,1,0,1,1,1,1,0.083,90,1,1,1
usr_0132,64,0,67117.26,1,1,0,196.1,114.8,3,1,1,28.4,1,0,1,0,0,0,0.005,999,1,4,1
usr_0133,31,1,52507.79,0,1,0,121.6,-32.0,3,1,2,51.22,0,0,1,0,0,0,0.005,999,1,2,1
usr_0134,20,1,32962.63,1,3,0,460.0,233.9,7,1,1,17.5,0,1,1,0,0,0,0.005,999,1,2,1
usr_0135,18,0,51237.58,1,4,1,231.6,38.5,6,1,1,14.61,0,0,0,1,1,2,0.286,90,1,3,0
usr_0136,22,1,39690.63,0,1,0,303.4,172.8,6,1,1,37.81,1,1,0,1,0,0,0.005,999,1,1,0
usr_0137,43,0,44550.58,1,4,2,254.6,24.9,5,1,1,16.21,0,1,1,1,1,5,0.2,90,2,4,0
usr_0138,31,1,65594.41,1,3,3,118.6,-100.0,3,1,2,45.7,0,0,1,0,0,0,0.005,999,1,1,1
usr_0139,56,0,85058.28,1,3,3,176.0,7.9,4,1,1,34.27,1,1,1,1,1,5,0.208,90,2,1,1
usr_0140,44,0,62104.09,0,2,3,241.6,26.4,4,0,0,4.17,0,1,0,0,0,0,0.005,999,1,0,1
usr_0141,26,0,33474.1,1,1,2,193.2,-66.8,5,0,0,6.15,1,0,0,1,1,1,0.059,90,0,1,1
usr_0142,32,1,63002.85,0,1,2,117.5,-20.3,3,1,1,32.06,0,0,1,1,1,5,0.5,60,2,1,1
usr_0143,32,1,76539.37,0,3,0,195.6,-6.6,7,1,3,87.43,1,1,1,0,0,0,0.005,999,1,2,1
usr_0144,43,1,44023.91,1,2,2,188.9,-70.5,3,1,1,22.9,0,1,1,1,1,0,0.005,999,2,3,1
usr_0145,59,0,52587.69,1,4,1,46.7,-159.4,1,1,0,2.99,0,0,0,1,1,4,0.174,12,0,4,1
usr_0146,30,1,55264.39,0,2,1,338.9,189.1,6,1,2,59.38,0,0,1,1,1,2,0.067,60,2,0,1
usr_0147,49,0,40871.83,0,1,2,176.4,-13.2,5,1,2,33.75,1,0,1,0,0,0,0.005,999,1,2,1
usr_0148,56,1,66669.05,0,3,0,282.6,47.8,5,1,3,77.13,1,0,1,1,0,0,0.005,999,1,2,1
usr_0149,49,0,52822.93,0,1,0,260.9,121.5,5,1,1,29.02,0,0,1,1,1,2,0.125,12,2,0,0
usr_0150,21,0,62551.58,0,2,3,347.8,169.0,9,1,3,79.46,1,0,1,1,1,1,0.062,180,0,1,1
usr_0151,47,0,39025.14,0,3,0,168.4,-1.9,5,0,0,4.47,1,0,0,0,0,0,0.005,999,1,1,1
usr_0152,54,1,47125.75,1,4,1,141.2,-13.5,4,1,0,5.37,1,0,0,1,1,4,0.4,12,2,0,0
usr_0153,40,1,68002.86,1,3,3,108.5,-81.2,3,0,0,6.13,1,0,0,0,0,0,0.005,999,1,0,0
usr_0154,56,0,48289.0,1,3,2,329.2,153.2,6,1,2,88.18,0,0,0,1,0,0,0.005,999,1,2,1
usr_0155,62,1,86085.35,1,3,1,54.4,-151.3,1,0,0,5.03,1,0,0,0,0,0,0.005,999,1,2,0
usr_0156,32,1,47806.55,0,4,0,145.6,-80.0,5,1,1,28.63,0,0,0,0,0,0,0.005,999,1,2,1
usr_0157,60,1,59044.33,1,1,0,234.3,105.2,6,1,1,41.82,0,1,1,1,1,2,0.069,5,2,2,0
usr_0158,46,0,71786.63,1,1,3,166.2,-16.5,4,1,1,18.03,0,1,1,1,0,0,0.005,999,1,0,1
usr_0159,53,0,29469.42,1,1,1,98.5,-79.4,6,1,3,67.77,1,0,1,1,1,6,0.273,12,1,0,0
usr_0160,30,1,23305.44,1,1,1,163.1,-25.0,4,1,0,4.64,1,0,0,1,1,4,0.154,12,2,0,0
usr_0161,49,0,27538.19,1,3,0,255.9,76.5,5,1,1,48.35,1,0,0,0,0,0,0.005,999,1,1,1
usr_0162,24,0,77726.51,1,3,0,165.9,25.1,4,1,2,48.41,1,0,1,0,0,0,0.005,999,1,4,1
usr_0163,39,1,45066.55,0,3,3,227.8,-10.4,5,1,0,6.02,1,0,0,1,1,1,0.111,5,0,2,0
usr_0164,45,1,101047.59,1,1,1,195.8,-59.4,4,1,2,63.55,0,0,0,0,0,0,0.005,999,1,0,0
usr_0165,19,0,44843.54,1,3,2,191.9,-10.0,5,1,2,45.66,0,1,1,1,1,6,0.222,12,2,0,1
usr_0166,59,0,58321.92,1,2,0,256.3,52.4,5,1,3,163.2,0,0,1,1,1,3,0.273,180,1,2,1
usr_0167,62,1,82757.98,1,3,2,242.5,57.3,4,1,3,100.67,0,0,0,1,0,0,0.005,999,1,2,1
usr_0168,23,0,91109.67,0,3,3,121.1,-97.7,5,1,1,35.01,0,1,1,1,1,2,0.182,90,2,2,1
usr_0169,45,0,92107.06,1,2,1,299.4,217.1,8,1,1,36.28,0,1,1,0,0,0,0.005,999,1,0,1
usr_0170,45,0,76750.59,1,1,0,216.4,36.6,3,0,0,4.25,1,0,0,1,1,5,0.179,30,2,1,1
usr_0171,61,1,73433.13,1,1,1,96.6,-60.5,2,1,1,49.22,1,0,1,1,0,0,0.005,999,1,1,1
usr_0172,61,1,65665.49,1,4,2,91.7,-94.1,2,0,0,6.99,1,0,0,1,1,7,0.206,5,1,3,0
usr_0173,37,0,69010.5,0,4,1,197.0,-26.7,5,1,1,24.55,1,0,1,1,1,2,0.118,5,2,0,1
usr_0174,47,0,45078.66,1,3,3,233.7,52.9,4,1,3,144.45,0,0,0,1,1,3,0.375,180,2,0,1
usr_0175,28,0,40272.42,1,1,2,98.7,-66.9,3,1,1,26.4,1,0,1,1,0,0,0.005,999,1,2,1
usr_0176,45,1,54939.26,1,2,3,165.8,41.9,3,1,1,34.58,0,0,1,0,0,0,0.005,999,1,0,1
usr_0177,42,0,51936.68,1,3,2,159.2,-16.4,4,1,1,20.39,0,1,0,1,0,0,0.005,999,1,2,1
usr_0178,56,0,46841.9,1,3,0,136.5,-70.4,4,1,1,40.29,1,1,0,0,0,0,0.005,999,1,0,1
usr_0179,50,1,67534.97,1,1,0,235.9,89.5,6,1,4,118.16,0,0,0,0,0,0,0.005,999,1,0,1
usr_0180,18,0,72195.49,0,1,0,209.7,109.8,5,1,1,22.8,0,0,1,0,0,0,0.005,999,1,3,1
usr_0181,44,1,56591.32,1,3,3,114.6,-156.4,3,1,1,41.51,0,0,1,0,0,0,0.005,999,1,1,1
usr_0182,30,0,81595.54,1,2,2,492.7,299.3,9,1,1,43.49,1,0,1,0,0,0,0.005,999,1,0,1
usr_0183,58,0,34449.6,1,1,2,136.9,-34.2,4,1,0,5.49,1,0,0,1,1,4,0.154,12,2,0,0
usr_0184,20,0,51514.13,1,1,0,137.5,-98.1,3,1,1,19.82,0,1,1,0,0,0,0.005,999,1,3,1
usr_0185,56,1,42097.2,1,2,0,291.2,105.5,6,1,2,89.18,1,1,1,1,1,2,0.087,5,2,2,0
usr_0186,23,1,21402.34,0,4,2,261.8,28.5,6,1,0,6.15,0,1,0,0,0,0,0.005,999,1,4,0
usr_0187,25,1,53511.75,1,4,1,111.0,-118.9,2,0,0,5.26,0,1,0,1,1,2,0.083,12,0,3,0
usr_0188,44,0,52808.54,0,3,0,116.9,-12.1,3,0,0,6.2,0,1,0,0,0,0,0.005,999,1,2,1
usr_0189,26,1,82242.1,1,2,2,297.3,98.9,6,1,2,68.02,1,1,1,0,0,0,0.005,999,1,1,1
usr_0190,54,0,66354.61,0,1,0,251.6,2.6,5,1,2,64.14,0,1,1,0,0,0,0.005,999,1,3,1
usr_0191,50,0,36564.64,0,2,0,64.1,-76.0,1,1,1,31.89,1,0,1,1,1,3,0.3,90,2,1,1
usr_0192,59,1,88373.67,1,2,1,64.6,-75.9,3,1,1,26.56,0,0,0,1,1,4,0.121,180,0,3,1
usr_0193,61,0,76978.61,0,3,0,196.9,49.6,4,1,3,70.37,0,0,1,0,0,0,0.005,999,1,2,1
usr_0194,41,0,65477.76,1,2,3,215.8,0.2,4,1,2,58.2,1,1,1,0,0,0,0.005,999,1,2,1
usr_0195,32,0,50923.29,1,1,0,152.7,-38.7,4,1,2,83.05,0,0,0,0,0,0,0.005,999,1,1,0
usr_0196,49,0,37730.09,0,1,0,146.2,43.6,4,1,2,41.65,0,0,1,1,1,2,0.111,30,0,2,1
usr_0197,49,0,48300.28,1,2,0,202.0,8.4,6,1,1,42.73,0,0,1,1,1,5,0.238,60,2,1,1
usr_0198,41,1,74597.48,1,1,2,178.2,8.3,6,1,1,33.15,1,1,1,0,0,0,0.005,999,1,1,0
usr_0199,58,0,88922.55,1,1,1,108.5,-67.0,2,1,3,114.76,1,0,1,0,0,0,0.005,999,1,4,1
usr_0200,29,1,82778.38,0,4,1,416.8,270.3,6,1,3,116.0,0,1,0,1,1,0,0.005,999,1,1,1
usr_0201,56,1,46200.71,0,2,0,279.1,85.2,8,1,0,3.7,0,1,0,0,0,0,0.005,999,1,0,1
usr_0202,19,0,34846.89,0,2,0,81.3,-140.7,2,0,0,6.34,0,1,0,1,1,5,0.167,12,1,2,0
usr_0203,20,0,57535.95,0,4,1,92.9,-61.4,2,1,4,129.67,0,0,1,0,0,0,0.005,999,1,2,1
usr_0204,54,0,23168.09,0,4,3,74.8,-37.9,3,1,1,39.15,1,0,0,1,1,9,0.346,90,1,3,0
usr_0205,34,1,60817.02,1,3,3,170.8,2.9,5,1,3,71.01,1,0,0,1,1,1,0.033,12,2,2,1
usr_0206,19,0,52343.15,1,4,0,169.8,-40.5,4,1,1,22.44,1,0,1,1,0,0,0.005,999,1,0,0
usr_0207,19,1,46611.34,1,2,1,100.3,-62.9,3,0,0,5.32,0,0,0,1,0,0,0.005,999,1,0,1
usr_0208,45,0,26295.34,1,2,3,175.6,55.5,3,0,0,5.58,1,1,0,1,1,7,0.206,12,2,0,0
usr_0209,40,1,64244.8,0,2,1,85.9,-124.6,3,1,0,5.51,1,0,0,1,1,4,0.222,12,1,0,0
usr_0210,54,0,45411.38,0,3,3,114.1,-122.5,2,0,0,5.86,1,1,0,0,0,0,0.005,999,1,2,0
usr_0211,49,0,33941.5,0,3,0,243.0,62.2,4,1,1,48.0,1,1,0,1,1,3,0.188,180,1,1,1
usr_0212,50,1,18000.0,0,2,3,57.1,-58.7,1,1,2,72.25,1,0,1,1,1,4,0.286,90,2,1,1
usr_0213,18,1,54504.73,1,1,2,242.6,75.3,6,1,4,113.49,1,1,0,1,1,2,0.067,60,2,2,1
usr_0214,36,0,86900.53,1,3,3,270.2,84.1,6,1,1,41.18,0,1,1,0,0,0,0.005,999,1,1,1
usr_0215,19,1,84902.67,1,1,2,151.4,3.8,4,1,1,30.06,1,0,1,1,1,1,0.067,12,2,0,0
usr_0216,61,1,46772.27,1,3,1,90.3,-113.0,5,1,1,34.01,0,0,0,1,1,2,0.067,30,1,1,1
usr_0217,43,1,44160.18,1,3,3,182.0,38.3,6,1,1,21.31,1,0,1,1,1,1,0.05,60,2,0,1
usr_0218,49,1,63437.94,1,3,0,291.6,110.6,7,1,1,19.93,1,0,1,0,0,0,0.005,999,1,1,1
usr_0219,23,0,37029.06,0,3,0,184.8,13.9,6,0,0,6.53,1,1,0,0,0,0,0.005,999,1,2,1
usr_0220,49,0,60432.25,1,4,2,222.8,18.2,6,0,0,3.8,0,0,0,0,0,0,0.005,999,1,4,1
usr_0221,21,0,68789.45,1,2,2,241.3,61.9,5,0,0,5.17,0,1,0,1,0,0,0.005,999,1,0,1
usr_0222,28,1,77084.8,0,3,3,179.5,7.4,4,0,0,4.27,0,0,0,1,1,2,0.083,12,2,1,0
usr_0223,34,1,53197.23,1,3,0,276.0,128.1,5,1,2,87.42,1,0,1,1,0,0,0.005,999,1,2,1
usr_0224,55,0,51333.87,1,1,2,230.2,48.8,5,0,0,5.49,1,0,0,1,1,2,0.069,90,2,1,1
usr_0225,41,0,39196.31,1,1,2,322.1,152.5,7,1,3,84.21,1,0,0,1,1,5,0.147,180,2,1,1
usr_0226,22,1,40116.15,1,1,0,106.9,-38.3,3,1,3,129.31,0,0,1,1,1,5,0.417,90,2,0,1
usr_0227,51,1,50923.38,0,2,1,156.7,-29.7,6,1,4,158.21,1,0,1,1,1,3,0.107,30,0,2,1
usr_0228,23,1,61612.58,1,3,0,152.7,-41.9,4,1,3,123.41,1,1,0,1,1,4,0.121,12,0,3,1
usr_0229,39,0,71444.52,1,4,0,137.6,-28.9,4,1,1,49.34,0,1,1,1,1,2,0.154,180,1,4,1
usr_0230,28,0,40542.78,1,1,3,278.5,61.2,7,1,1,40.81,1,0,0,1,1,0,0.005,999,1,3,1
usr_0231,33,0,81868.39,0,1,2,148.5,-42.1,5,0,0,7.03,1,0,0,0,0,0,0.005,999,1,0,1
usr_0232,50,1,50119.78,1,4,2,112.7,-15.9,2,1,2,69.16,1,0,1,0,0,0,0.005,999,1,2,1
usr_0233,26,0,54615.39,1,1,3,75.0,-158.5,2,1,3,58.4,1,0,0,1,1,5,0.278,60,2,1,1
usr_0234,23,1,41550.19,1,2,1,297.6,86.9,8,1,3,99.63,0,1,1,1,1,5,0.185,90,2,4,1
usr_0235,33,0,18000.0,1,3,3,92.0,-128.1,2,1,1,32.75,1,1,1,1,1,2,0.286,180,2,4,1
usr_0236,46,1,70912.82,1,2,1,440.3,244.3,8,1,2,54.66,1,1,1,0,0,0,0.005,999,1,4,1
usr_0237,20,1,68263.19,1,1,3,134.7,48.2,2,0,0,5.23,1,0,0,1,0,0,0.005,999,1,3,0
usr_0238,37,1,49936.1,1,1,0,260.2,36.5,4,0,0,6.89,1,1,0,1,1,4,0.16,12,1,1,0
usr_0239,53,0,56205.83,0,1,3,37.1,-145.3,1,1,2,58.61,1,0,1,1,1,1,0.036,60,2,2,1
usr_0240,36,0,64286.91,1,3,0,119.1,-75.0,3,1,1,30.95,0,1,1,1,0,0,0.005,999,1,4,1
usr_0241,43,0,26874.17,0,2,0,178.7,-22.9,5,1,4,131.37,1,0,1,1,1,3,0.136,12,1,1,1
usr_0242,20,1,45477.05,1,1,2,145.8,-111.7,3,0,0,4.55,0,0,0,1,1,4,0.19,12,1,3,0
usr_0243,36,1,69296.76,0,3,1,187.3,29.1,4,1,3,88.5,0,0,0,1,1,1,0.071,60,2,4,1
usr_0244,37,1,32422.79,0,4,2,144.5,-14.7,4,1,1,42.24,0,0,1,0,0,0,0.005,999,1,1,1
usr_0245,49,1,60284.04,0,1,1,140.7,-5.3,4,1,2,63.39,1,1,0,0,0,0,0.005,999,1,0,1
usr_0246,24,1,30581.53,0,2,2,124.6,-12.6,4,1,2,78.79,1,1,1,0,0,0,0.005,999,1,0,1
usr_0247,58,0,63395.74,1,3,0,45.1,-92.8,4,1,3,88.69,0,0,1,0,0,0,0.005,999,1,0,1
usr_0248,50,1,54358.45,1,1,0,110.2,4.3,4,1,1,53.95,0,1,1,0,0,0,0.005,999,1,1,1
usr_0249,57,0,25927.63,1,2,0,214.1,17.0,4,1,3,107.21,1,0,1,0,0,0,0.005,999,1,1,1
usr_0250,56,0,75965.31,0,3,1,185.2,-74.3,3,1,0,4.82,1,0,0,0,0,0,0.005,999,1,2,1
usr_0251,35,1,41777.35,0,4,0,405.7,143.6,7,0,0,4.79,1,1,0,0,0,0,0.005,999,1,1,0
usr_0252,57,0,40415.46,0,4,1,165.2,19.3,3,1,1,28.42,0,1,0,0,0,0,0.005,999,1,4,0
usr_0253,18,0,58610.25,0,3,1,179.6,10.5,6,1,2,59.97,0,0,0,0,0,0,0.005,999,1,0,1
usr_0254,28,1,75675.47,1,3,0,64.2,-165.1,2,1,1,51.78,0,0,0,1,1,0,0.005,999,1,3,1
usr_0255,45,0,36715.21,0,2,1,122.1,-75.2,6,1,2,60.6,0,0,1,1,1,6,0.5,60,0,0,1
usr_0256,42,1,56110.24,1,3,3,177.5,-7.9,5,1,2,50.83,0,1,1,0,0,0,0.005,999,1,2,1
usr_0257,40,0,62718.7,0,2,0,258.8,89.1,6,0,0,5.71,0,1,0,1,0,0,0.005,999,1,2,1
usr_0258,48,0,67475.9,0,1,1,235.8,8.7,8,1,3,97.41,0,0,1,1,1,4,0.154,180,2,2,1
usr_0259,47,0,58175.95,1,3,2,193.2,56.1,4,0,0,4.88,0,1,0,1,1,4,0.19,5,1,1,0
usr_0260,59,0,48393.5,1,3,1,108.1,-91.1,2,1,3,81.35,1,0,1,0,0,0,0.005,999,1,0,1
usr_0261,52,1,40103.38,0,2,2,149.7,-44.1,4,1,1,35.91,0,0,0,1,1,2,0.105,90,2,1,1
usr_0262,24,0,56550.59,0,4,1,132.1,-49.6,5,1,1,40.5,0,1,1,0,0,0,0.005,999,1,0,1
usr_0263,33,1,35701.5,1,1,1,238.8,27.3,4,1,1,38.3,1,0,1,0,0,0,0.005,999,1,1,1
usr_0264,43,1,18000.0,0,2,0,133.8,-47.5,3,0,0,6.03,1,0,0,0,0,0,0.005,999,1,1,1
usr_0265,19,1,62858.08,0,1,2,265.7,107.1,4,1,1,24.1,1,1,0,0,0,0,0.005,999,1,2,0
usr_0266,18,1,71270.83,1,3,2,218.0,34.3,5,0,0,4.97,1,0,0,1,1,2,0.069,60,2,3,1
usr_0267,29,1,18000.0,1,3,0,222.2,105.9,5,0,0,5.96,1,0,0,1,1,3,0.176,60,1,4,1
usr_0268,22,0,36824.85,1,2,1,154.6,-49.9,5,0,0,5.43,1,1,0,1,1,1,0.091,60,2,1,1
usr_0269,54,0,66144.78,1,3,3,187.1,-27.6,5,1,1,31.53,1,1,1,0,0,0,0.005,999,1,0,0
usr_0270,49,0,92034.92,1,2,1,76.4,-77.3,3,1,2,59.67,1,1,1,0,0,0,0.005,999,1,2,1
usr_0271,26,1,55374.29,1,3,1,108.0,-36.2,4,1,1,54.41,0,0,1,0,0,0,0.005,999,1,1,1
usr_0272,58,0,41895.95,1,2,3,110.3,-44.9,2,1,3,107.79,0,0,1,0,0,0,0.005,999,1,1,1
usr_0273,52,1,51707.86,1,2,2,85.7,-91.8,2,1,1,22.1,1,1,1,1,1,1,0.043,60,2,1,0
usr_0274,36,1,79747.78,0,4,1,82.4,-106.2,2,1,2,74.49,0,0,0,1,0,0,0.005,999,1,2,1
usr_0275,33,0,43372.64,1,1,2,199.2,-45.4,6,1,2,70.26,1,0,1,1,1,3,0.231,30,1,3,1
usr_0276,20,1,40614.54,1,1,3,260.1,20.5,7,1,1,23.6,0,0,0,1,0,0,0.005,999,1,4,1
usr_0277,37,0,46310.62,1,3,1,173.3,-40.0,3,1,2,68.62,0,0,0,1,0,0,0.005,999,1,4,1
usr_0278,41,0,37840.09,1,4,1,304.6,119.7,7,0,0,5.84,1,0,0,0,0,0,0.005,999,1,3,1
usr_0279,50,1,57208.07,1,2,1,115.9,-27.0,4,1,3,120.59,0,1,1,1,0,0,0.005,999,1,3,1
usr_0280,41,1,84244.21,0,1,3,117.2,-130.0,2,1,2,35.59,1,1,0,1,1,2,0.167,60,2,0,1
usr_0281,28,1,60815.43,1,2,2,255.3,85.2,4,0,0,5.13,1,0,0,1,1,3,0.103,60,1,3,0
usr_0282,25,0,50457.64,0,2,0,334.1,142.8,7,1,2,86.56,1,1,0,1,1,6,0.273,180,1,0,1
usr_0283,53,0,49747.4,0,1,3,215.3,10.2,4,0,0,5.99,1,1,0,0,0,0,0.005,999,1,2,1
usr_0284,55,1,26862.57,0,3,1,176.4,-6.1,3,1,0,6.49,1,1,0,1,1,3,0.115,90,2,0,1
usr_0285,57,1,70895.98,1,4,0,72.9,-153.1,3,0,0,5.2,1,0,0,1,1,3,0.2,180,1,1,0
usr_0286,37,1,53598.93,0,2,1,511.5,313.3,8,1,2,63.21,1,0,1,1,1,3,0.25,60,2,0,1
usr_0287,52,0,51751.36,1,2,1,225.2,5.7,4,1,2,74.81,1,0,0,1,0,0,0.005,999,1,1,0
usr_0288,42,1,112475.94,1,2,3,150.1,-47.8,3,1,2,61.37,1,0,1,0,0,0,0.005,999,1,1,1
usr_0289,52,0,60377.55,0,1,0,282.0,103.5,7,1,0,4.01,1,0,0,1,1,3,0.111,180,1,0,1
usr_0290,42,0,41467.76,1,4,3,36.5,-146.5,1,1,1,33.74,1,0,0,0,0,0,0.005,999,1,3,1
usr_0291,46,1,47325.56,1,2,1,228.6,51.1,6,1,2,58.6,0,0,1,0,0,0,0.005,999,1,3,1
usr_0292,35,0,75672.02,0,2,0,103.3,-25.3,2,0,0,4.16,0,0,0,1,1,3,0.333,90,1,2,0
usr_0293,63,1,57038.87,1,3,3,92.7,-47.3,3,1,1,25.52,0,0,1,0,0,0,0.005,999,1,3,1
usr_0294,35,0,29111.0,0,2,1,325.8,116.2,8,0,0,5.14,0,0,0,1,1,3,0.136,90,1,2,1
usr_0295,19,0,71546.12,1,3,0,167.3,37.7,6,1,0,6.09,1,1,0,1,1,1,0.036,60,2,4,1
usr_0296,52,1,42973.41,1,1,1,189.4,25.6,5,1,1,50.18,0,0,1,0,0,0,0.005,999,1,1,1
usr_0297,33,1,88719.36,1,4,3,83.8,-54.2,3,1,2,93.16,1,1,1,1,1,3,0.3,30,1,1,1
usr_0298,58,1,74440.87,1,4,0,57.5,-104.2,2,0,0,5.44,0,1,0,1,0,0,0.005,999,1,3,1
usr_0299,53,1,46948.21,0,3,0,321.1,147.3,7,0,0,4.56,0,1,0,0,0,0,0.005,999,1,1,1
usr_0300,50,1,78058.29,0,4,0,177.7,13.9,5,1,0,2.99,0,1,0,1,1,6,0.214,30,1,0,1
usr_0301,21,1,56221.4,1,1,0,115.0,-7.9,3,0,0,3.62,1,1,0,1,0,0,0.005,999,1,2,1
usr_0302,50,1,70349.93,1,2,2,142.1,-30.5,4,0,0,3.88,0,0,0,1,1,4,0.182,5,1,0,0
usr_0303,31,0,63725.19,1,3,1,448.6,307.0,6,1,1,42.05,0,1,1,1,1,2,0.222,5,0,1,1
usr_0304,38,1,39765.58,1,3,0,201.7,47.2,4,1,2,81.98,1,1,0,1,0,0,0.005,999,1,0,1
usr_0305,37,0,43416.1,1,2,0,206.8,-2.8,4,1,1,48.61,0,1,0,1,1,7,0.333,30,2,3,0
usr_0306,25,1,73539.29,1,2,0,227.4,9.2,7,1,2,60.33,0,0,1,1,1,2,0.105,30,1,4,1
usr_0307,24,1,48974.04,0,1,3,427.0,299.4,9,1,2,89.26,1,0,1,0,0,0,0.005,999,1,0,1
usr_0308,20,0,47734.33,1,2,0,124.3,-118.4,3,0,0,6.17,0,1,0,1,1,3,0.103,30,2,0,1
usr_0309,34,1,37807.79,1,1,3,73.7,-85.9,2,0,0,5.79,0,1,0,0,0,0,0.005,999,1,0,0
usr_0310,50,1,62624.78,0,3,1,265.1,109.1,4,1,3,104.09,0,1,1,1,1,1,0.033,30,2,2,0
usr_0311,29,0,92125.45,1,1,0,246.9,102.6,5,1,0,5.05,0,0,0,1,1,2,0.25,60,2,1,0
usr_0312,39,1,35784.41,1,1,3,58.8,-123.4,1,1,0,5.29,1,0,0,1,1,4,0.222,12,2,1,0
usr_0313,39,1,55435.95,1,3,1,210.9,-48.4,7,0,0,4.57,0,0,0,0,0,0,0.005,999,1,0,0
usr_0314,63,0,80419.97,0,3,2,161.0,42.6,6,1,1,15.47,1,0,0,1,1,2,0.111,90,1,1,0
usr_0315,47,1,53566.45,1,4,3,405.6,307.9,10,1,1,30.82,1,0,0,0,0,0,0.005,999,1,1,1
usr_0316,55,0,63142.69,1,3,0,145.0,-45.7,4,1,4,136.46,0,0,1,1,0,0,0.005,999,1,2,1
usr_0317,55,1,35876.92,1,2,0,201.9,-0.9,4,1,3,77.71,1,0,0,1,1,5,0.179,90,2,0,1
usr_0318,62,1,62709.53,0,4,2,205.1,23.0,4,1,1,23.94,0,0,1,1,1,2,0.286,180,2,2,1
usr_0319,25,1,51631.4,0,2,0,338.8,135.0,8,1,1,17.19,0,0,0,0,0,0,0.005,999,1,1,0
usr_0320,44,1,72743.14,1,1,0,112.4,-22.3,2,1,1,27.32,0,1,0,1,1,4,0.129,180,1,1,1
usr_0321,44,1,76372.95,1,3,0,181.8,39.6,4,1,0,4.39,0,1,0,1,1,6,0.261,12,1,1,0
usr_0322,51,1,101612.15,1,4,0,101.1,-83.9,3,0,0,3.16,1,1,0,1,1,1,0.083,90,0,2,1
usr_0323,38,0,65433.4,1,2,2,275.8,25.5,7,0,0,5.91,0,0,0,1,1,2,0.25,180,2,1,1
usr_0324,47,1,60864.33,0,1,0,137.4,-65.0,3,0,0,3.04,1,1,0,0,0,0,0.005,999,1,3,1
usr_0325,50,0,58498.92,1,1,1,268.2,63.9,5,0,0,3.59,1,0,0,1,1,2,0.077,12,1,0,0
usr_0326,45,1,48643.01,0,1,2,183.3,46.2,4,1,1,40.31,0,1,1,1,1,2,0.118,180,2,0,1
usr_0327,64,0,61092.71,1,2,1,111.9,-85.0,3,1,4,158.55,1,1,0,1,0,0,0.005,999,1,0,1
usr_0328,50,0,49682.77,1,3,0,218.9,86.2,4,1,1,34.94,1,0,1,1,1,4,0.167,90,2,1,1
usr_0329,22,0,58032.3,1,1,2,235.3,-15.4,5,1,4,128.03,0,1,1,0,0,0,0.005,999,1,0,1
usr_0330,36,1,78716.76,1,4,0,363.8,224.3,6,1,1,38.82,0,0,1,1,1,2,0.069,12,1,0,0
usr_0331,21,0,36882.23,1,3,2,176.7,28.6,4,1,1,41.99,0,0,1,0,0,0,0.005,999,1,1,1
usr_0332,52,1,75517.81,0,3,3,95.2,-25.9,3,1,1,33.36,0,1,0,1,1,2,0.077,180,2,2,0
usr_0333,34,0,78708.07,0,4,1,283.1,99.7,5,0,0,5.84,0,0,0,1,1,4,0.148,60,2,2,1
usr_0334,61,0,52874.77,1,1,1,45.6,-136.2,1,0,0,4.45,0,0,0,1,1,3,0.214,30,2,1,1
usr_0335,45,1,18000.0,1,2,1,186.7,-53.8,4,1,3,97.7,1,1,0,1,1,1,0.071,5,2,1,0
usr_0336,47,1,44059.2,0,3,1,97.0,-114.1,2,1,4,131.17,1,0,1,0,0,0,0.005,999,1,2,1
usr_0337,46,0,78345.9,1,4,3,134.1,-14.3,3,1,0,6.36,1,1,0,0,0,0,0.005,999,1,1,0
usr_0338,63,1,54588.37,1,3,3,240.3,25.4,6,0,0,5.73,0,1,0,0,0,0,0.005,999,1,2,1
usr_0339,23,1,37012.56,1,1,0,73.0,-57.3,3,1,1,41.78,0,0,1,0,0,0,0.005,999,1,4,0
usr_0340,52,1,45914.05,1,4,2,40.5,-110.8,1,0,0,6.32,0,0,0,1,0,0,0.005,999,1,3,1
usr_0341,58,0,70131.16,1,1,3,172.9,-11.8,3,1,1,33.51,0,0,0,0,0,0,0.005,999,1,1,0
usr_0342,54,0,64841.2,0,4,3,147.9,13.2,3,1,0,4.22,1,0,0,1,1,3,0.375,12,0,1,0
usr_0343,41,1,50699.22,0,4,1,138.3,-84.3,2,1,1,35.91,0,0,1,1,1,1,0.091,12,2,2,0
usr_0344,46,0,48397.16,1,1,1,150.2,-121.0,5,1,1,27.97,0,0,1,1,1,3,0.25,60,1,1,1
usr_0345,63,1,47948.35,1,3,0,210.7,42.5,5,1,1,22.19,0,0,1,1,1,3,0.1,90,1,2,1
usr_0346,48,1,38396.62,0,1,3,282.3,128.4,5,0,0,5.05,1,0,0,0,0,0,0.005,999,1,1,0
usr_0347,52,1,84076.76,1,2,0,145.3,-29.5,4,1,1,47.84,1,1,1,0,0,0,0.005,999,1,3,1
usr_0348,50,1,49198.23,1,2,1,217.6,59.9,6,1,4,118.72,0,1,1,0,0,0,0.005,999,1,0,1
usr_0349,38,1,76908.85,1,3,0,231.4,40.9,6,1,1,23.67,0,1,0,1,0,0,0.005,999,1,0,1
usr_0350,49,0,82383.69,0,4,0,185.8,58.7,5,1,3,141.98,0,0,1,1,1,2,0.065,5,1,2,1
usr_0351,40,1,72969.6,1,3,1,151.6,-41.1,3,1,2,64.73,1,0,1,0,0,0,0.005,999,1,1,1
usr_0352,50,0,47230.83,1,2,3,31.1,-225.4,1,1,4,158.23,1,1,1,1,1,4,0.286,12,1,0,1
usr_0353,20,1,62267.14,1,4,0,72.2,-27.7,1,1,2,52.34,1,0,0,0,0,0,0.005,999,1,1,1
usr_0354,35,1,54564.48,1,4,1,154.9,21.6,5,1,2,64.16,1,0,1,1,1,5,0.455,60,1,0,1
usr_0355,42,1,38733.37,1,1,0,27.1,-135.1,1,1,3,129.61,0,1,1,1,1,0,0.005,999,2,2,1
usr_0356,59,1,60838.47,1,4,0,211.9,10.2,5,0,0,4.39,0,0,0,1,1,5,0.152,180,2,1,1
usr_0357,48,1,33777.28,0,1,1,118.9,-96.7,3,1,1,33.15,1,0,1,1,1,1,0.059,12,1,0,1
usr_0358,20,0,76378.23,1,4,1,164.0,-48.4,4,1,4,80.36,0,1,1,1,1,2,0.111,5,1,1,1
usr_0359,57,0,46636.89,1,1,0,187.5,75.2,4,1,2,76.59,1,1,0,1,1,2,0.071,60,1,0,1
usr_0360,63,1,58620.87,1,1,0,298.9,145.9,6,1,4,102.85,0,0,1,0,0,0,0.005,999,1,2,1
usr_0361,41,0,60099.18,0,2,0,313.7,169.7,5,1,2,81.92,0,0,1,1,1,3,0.214,90,1,0,1
usr_0362,49,0,50339.71,0,3,0,107.7,-69.7,3,1,3,100.86,1,0,0,1,0,0,0.005,999,1,3,1
usr_0363,64,0,65560.49,1,2,3,308.2,127.5,6,1,2,68.66,0,1,0,0,0,0,0.005,999,1,0,1
usr_0364,39,0,46451.73,1,1,3,61.0,-64.2,1,1,2,76.36,0,0,1,1,1,3,0.214,5,2,1,1
usr_0365,40,0,70683.35,1,3,0,37.4,-125.0,3,1,1,35.0,0,0,1,0,0,0,0.005,999,1,2,1
usr_0366,19,0,30772.37,1,4,1,132.5,-70.7,4,1,3,137.24,1,1,1,0,0,0,0.005,999,1,0,1
usr_0367,44,0,57274.83,1,2,3,208.9,54.0,8,1,2,88.96,0,0,0,1,1,3,0.107,12,2,0,0
usr_0368,59,0,89900.72,1,1,0,103.2,-68.8,2,1,2,44.52,0,1,0,1,1,4,0.16,12,2,1,0
usr_0369,19,1,36994.04,1,2,3,276.8,28.9,6,1,2,61.27,1,1,0,0,0,0,0.005,999,1,0,1
usr_0370,43,0,42800.59,1,1,3,101.1,-158.5,2,1,1,38.69,0,0,1,1,1,1,0.033,90,2,1,1
usr_0371,34,0,64250.34,1,4,0,194.2,100.7,5,0,0,4.58,1,1,0,1,0,0,0.005,999,1,2,0
usr_0372,57,1,58232.47,0,4,0,162.7,-21.9,4,1,3,58.37,0,0,1,0,0,0,0.005,999,1,0,1
usr_0373,50,0,61311.34,1,3,3,91.8,-204.9,2,1,1,25.92,1,1,1,1,1,3,0.12,90,2,1,1
usr_0374,26,1,63805.37,1,2,1,153.2,-46.0,4,1,1,31.08,0,1,0,1,1,1,0.042,90,0,4,1
usr_0375,60,1,66424.99,0,3,0,61.8,-118.9,1,0,0,5.3,1,0,0,0,0,0,0.005,999,1,3,1
usr_0376,56,0,74974.6,0,3,0,121.2,-111.3,4,1,2,46.18,1,1,0,1,0,0,0.005,999,1,0,1
usr_0377,46,0,62376.74,0,4,1,135.0,-53.7,4,1,2,35.54,1,1,0,0,0,0,0.005,999,1,0,0
usr_0378,59,1,50657.36,0,3,2,261.2,52.8,6,1,2,82.35,0,0,0,1,0,0,0.005,999,1,1,1
usr_0379,43,1,67106.33,0,3,2,297.2,125.6,8,1,1,39.45,0,0,1,1,1,9,0.562,90,2,0,1
usr_0380,52,1,89197.87,1,3,3,65.9,-122.2,2,1,1,34.23,1,0,1,0,0,0,0.005,999,1,0,1
usr_0381,42,1,52612.59,1,2,0,151.6,-45.5,3,1,1,32.8,0,0,1,1,1,2,0.222,12,0,0,0
usr_0382,41,0,37458.47,1,4,1,178.2,-36.4,5,0,0,6.18,0,1,0,1,1,5,0.156,12,1,0,0
usr_0383,30,1,74927.45,0,2,1,102.1,-60.6,3,1,2,48.03,1,1,1,0,0,0,0.005,999,1,1,1
usr_0384,24,0,52833.14,0,3,1,277.9,116.3,7,0,0,4.63,0,0,0,1,1,2,0.286,12,1,1,0
usr_0385,53,1,18000.0,1,1,0,217.5,114.6,7,1,1,32.74,1,0,0,0,0,0,0.005,999,1,0,1
usr_0386,62,1,70253.59,1,3,3,250.0,85.5,6,1,1,39.34,0,0,1,1,1,4,0.364,12,2,1,0
usr_0387,37,1,45364.09,1,3,3,83.9,-134.2,2,1,1,39.01,1,0,0,1,1,1,0.1,30,1,1,0
usr_0388,18,1,53370.4,1,1,1,215.6,17.1,6,1,3,108.82,1,0,0,1,1,3,0.143,180,2,2,0
usr_0389,25,0,60975.65,1,1,2,148.2,8.1,4,0,0,5.66,0,0,0,1,1,7,0.467,30,2,4,0
usr_0390,63,0,58428.99,0,3,0,168.3,64.5,3,1,2,67.82,1,0,1,1,1,1,0.037,180,1,4,1
usr_0391,33,0,67770.13,1,3,1,279.1,104.8,6,0,0,4.74,0,1,0,1,1,3,0.188,60,2,1,1
usr_0392,31,0,47161.25,0,2,2,129.4,-87.6,6,0,0,4.56,1,1,0,1,1,3,0.12,12,0,3,0
usr_0393,29,1,64235.9,1,1,1,265.5,104.7,5,1,1,33.65,1,1,1,1,1,3,0.176,90,2,0,1
usr_0394,40,0,50328.16,1,3,3,335.9,213.7,7,1,0,5.52,0,0,0,1,1,1,0.077,5,1,1,0
usr_0395,32,0,68298.59,0,1,2,103.5,-52.9,2,1,2,73.76,1,1,1,0,0,0,0.005,999,1,2,1
usr_0396,45,1,66076.61,0,2,1,265.8,72.8,5,1,1,34.24,0,1,1,1,1,2,0.25,12,1,1,0
usr_0397,51,1,38162.1,0,1,2,293.8,64.1,7,1,0,3.45,1,1,0,1,1,7,0.226,90,2,0,1
usr_0398,19,1,74547.68,1,1,0,297.1,127.4,6,0,0,6.75,0,0,0,1,0,0,0.005,999,1,0,1
usr_0399,49,1,45352.66,0,1,1,253.5,31.3,7,1,1,32.29,1,0,0,1,1,5,0.172,12,0,1,0
usr_0400,40,0,69545.04,1,2,0,313.5,95.7,6,1,2,52.4,1,0,1,0,0,0,0.005,999,1,2,1
usr_0401,39,0,61611.17,0,1,1,183.0,50.1,4,1,1,27.86,0,0,0,1,1,8,0.348,30,2,4,1
usr_0402,42,1,88087.31,1,2,2,36.0,-194.0,1,1,1,36.48,1,1,1,0,0,0,0.005,999,1,0,1
usr_0403,39,1,50977.61,1,2,1,327.1,135.3,6,1,2,41.02,0,1,1,1,1,4,0.154,60,2,4,1
usr_0404,39,0,48712.3,1,2,2,127.9,-3.8,3,1,1,33.07,0,0,1,1,0,0,0.005,999,1,0,1
usr_0405,59,1,54650.45,1,2,1,196.4,-54.0,5,0,0,4.95,0,0,0,1,0,0,0.005,999,1,4,1
usr_0406,23,0,49542.76,0,4,0,81.9,-93.1,2,1,1,23.6,0,1,1,1,1,2,0.25,5,1,3,0
usr_0407,32,0,69398.95,0,1,3,190.3,88.0,5,1,1,33.26,0,0,1,1,1,4,0.364,180,0,0,1
usr_0408,60,1,25906.41,1,2,0,183.5,31.8,4,1,2,51.82,0,1,1,1,0,0,0.005,999,1,0,1
usr_0409,54,1,36033.72,1,1,0,153.2,11.3,5,1,1,49.58,0,1,1,1,1,2,0.182,5,2,0,1
usr_0410,50,1,35779.55,1,1,1,76.0,-76.7,3,1,4,166.46,0,0,1,0,0,0,0.005,999,1,4,1
usr_0411,25,0,72105.54,0,3,0,175.9,13.7,6,0,0,5.05,0,1,0,1,1,7,0.333,60,2,1,1
usr_0412,61,1,85791.04,0,3,0,190.8,21.1,4,1,4,114.18,1,0,0,1,0,0,0.005,999,1,2,1
usr_0413,61,0,53119.91,0,4,2,50.6,-117.6,1,1,1,36.03,1,1,1,1,1,5,0.179,60,2,0,1
usr_0414,22,0,51961.21,1,3,1,65.9,-110.2,1,1,2,76.28,0,1,0,1,1,3,0.13,12,2,4,1
usr_0415,56,1,56260.94,0,4,1,130.2,-73.3,3,0,0,4.29,1,1,0,1,1,1,0.059,60,0,0,1
usr_0416,21,1,75913.81,1,1,3,313.2,163.1,6,1,1,23.88,1,0,0,0,0,0,0.005,999,1,0,0
usr_0417,23,1,38307.64,0,1,1,170.9,-56.3,5,1,2,60.65,1,0,1,0,0,0,0.005,999,1,1,1
usr_0418,62,1,59290.64,1,1,3,186.4,55.4,5,1,2,65.25,0,0,0,1,1,5,0.161,12,2,1,0
usr_0419,49,1,72553.56,0,1,0,52.6,-152.0,1,0,0,4.1,0,0,0,0,0,0,0.005,999,1,0,0
usr_0420,47,1,64019.7,1,2,1,89.0,-156.7,2,1,1,34.51,1,1,1,0,0,0,0.005,999,1,1,1
usr_0421,64,0,58412.47,1,3,3,86.7,-86.2,2,0,0,6.05,1,0,0,1,1,2,0.182,30,2,0,1
usr_0422,52,0,73018.83,0,1,1,130.6,-57.1,4,1,4,170.94,0,1,0,1,1,2,0.074,180,2,1,1
usr_0423,57,0,18000.0,1,4,2,96.4,-44.9,4,1,3,120.3,0,0,1,1,0,0,0.005,999,1,1,1
usr_0424,33,0,67201.76,1,4,1,155.2,-4.3,3,0,0,5.18,1,0,0,0,0,0,0.005,999,1,0,1
usr_0425,30,1,43226.64,1,1,0,289.9,47.2,6,1,3,65.82,1,1,0,1,1,3,0.214,90,1,1,1
usr_0426,59,1,22048.61,1,1,1,240.9,31.0,7,1,3,124.47,1,0,1,1,1,1,0.1,180,2,2,1
usr_0427,47,0,64201.65,0,1,1,235.2,38.5,5,1,1,38.55,0,1,1,0,0,0,0.005,999,1,0,1
usr_0428,36,0,79725.85,1,1,3,126.5,24.0,3,1,2,59.91,0,0,1,1,1,1,0.038,12,2,1,0
usr_0429,34,1,52525.93,0,1,0,385.4,234.1,7,1,1,32.24,0,1,1,1,1,3,0.136,90,0,2,1
usr_0430,36,0,72151.74,0,2,3,61.0,-188.6,2,1,2,65.05,0,0,1,1,0,0,0.005,999,1,0,1
usr_0431,45,1,84021.01,1,1,3,89.5,-106.9,2,1,1,28.5,0,1,0,0,0,0,0.005,999,1,1,1
usr_0432,43,1,78668.46,0,2,0,162.6,-38.8,4,1,1,18.02,1,0,1,1,0,0,0.005,999,1,0,1
usr_0433,54,1,84519.36,1,4,0,180.2,-6.6,4,1,1,23.07,0,0,0,0,0,0,0.005,999,1,0,0
usr_0434,43,1,68358.29,1,3,3,129.4,-26.1,2,0,0,5.12,1,1,0,0,0,0,0.005,999,1,2,1
usr_0435,40,1,56357.81,1,4,3,282.1,88.8,7,1,2,32.51,0,1,0,1,0,0,0.005,999,1,0,0
usr_0436,26,0,26164.62,1,1,1,208.2,89.4,4,1,1,23.09,0,0,1,1,1,1,0.1,30,1,1,1
usr_0437,29,1,50570.88,0,2,0,203.6,87.8,5,1,1,41.13,0,0,0,1,1,2,0.167,60,2,2,1
usr_0438,18,1,39821.56,0,3,1,276.8,126.2,5,1,3,107.66,0,0,1,1,1,2,0.091,60,2,0,1
usr_0439,18,0,94076.97,1,1,2,159.6,-28.1,3,1,1,24.23,1,0,1,0,0,0,0.005,999,1,1,1
usr_0440,64,1,51834.06,0,1,0,120.5,3.3,3,1,1,26.49,0,1,1,1,1,1,0.1,5,1,4,0
usr_0441,51,1,57217.69,0,3,2,258.5,73.4,7,1,4,167.33,0,0,1,0,0,0,0.005,999,1,1,1
usr_0442,49,1,64926.74,1,3,0,150.0,9.8,3,1,3,124.91,0,0,1,1,1,6,0.545,180,1,0,1
usr_0443,42,1,55784.84,1,2,0,269.6,124.0,8,0,0,4.21,0,1,0,1,1,3,0.115,60,1,1,1
usr_0444,57,1,85510.92,1,2,1,350.8,118.8,8,1,1,41.4,1,0,0,1,1,1,0.125,5,0,0,0
usr_0445,62,1,43792.31,0,2,1,155.4,-26.1,4,1,4,103.49,0,1,1,1,0,0,0.005,999,1,0,1
usr_0446,18,1,58502.93,1,1,0,190.2,46.4,4,1,1,33.82,1,1,1,1,1,2,0.095,180,2,3,1
usr_0447,33,1,41635.53,0,2,1,126.7,-60.8,3,1,1,20.21,1,0,0,1,1,3,0.3,180,1,0,1
usr_0448,56,1,31239.59,0,1,0,75.9,-45.3,2,0,0,5.66,0,1,0,1,1,7,0.368,90,1,0,1
usr_0449,22,1,43988.16,1,1,0,225.6,30.3,4,0,0,4.4,0,0,0,1,1,3,0.136,90,2,1,1
usr_0450,39,1,54333.34,1,4,0,226.9,2.6,5,1,2,37.04,1,0,1,1,1,5,0.5,180,1,4,0
usr_0451,46,0,47272.56,1,3,3,209.3,2.8,5,1,2,73.49,1,0,0,1,1,4,0.286,60,2,0,1
usr_0452,20,1,42536.42,0,3,1,192.7,-73.6,4,1,4,152.33,0,0,1,1,1,4,0.133,5,1,0,0
usr_0453,29,1,29686.29,1,2,1,152.1,49.6,7,1,2,80.18,0,0,0,0,0,0,0.005,999,1,1,1
usr_0454,43,0,53504.1,1,2,1,468.1,283.0,7,0,0,5.81,0,0,0,0,0,0,0.005,999,1,1,1
usr_0455,33,1,27915.03,1,1,3,334.9,208.6,8,1,0,5.63,0,1,0,1,1,3,0.15,60,2,1,0
usr_0456,54,0,68681.01,1,1,0,94.7,-78.4,5,1,4,125.95,0,1,1,1,1,3,0.375,90,0,4,1
usr_0457,39,0,56483.92,1,1,2,121.2,-58.9,2,1,1,19.18,0,1,1,1,1,4,0.364,60,0,0,1
usr_0458,46,1,28764.07,1,3,2,167.4,-103.8,5,1,1,35.14,0,0,0,1,1,7,0.2,5,2,0,0
usr_0459,31,0,49434.24,1,3,2,65.0,-112.6,1,1,3,109.43,0,0,1,0,0,0,0.005,999,1,0,1
usr_0460,45,1,41461.18,1,2,0,95.4,-81.5,2,1,1,21.15,0,0,0,1,1,1,0.04,12,2,2,0
usr_0461,22,1,60745.14,1,2,2,76.0,-144.2,3,0,0,4.09,1,0,0,1,0,0,0.005,999,1,1,0
usr_0462,64,1,79128.11,1,4,0,185.0,7.1,4,1,3,96.27,1,0,1,1,1,3,0.3,30,0,3,1
usr_0463,47,0,21246.9,1,1,1,54.8,-198.4,1,1,4,144.94,1,1,0,1,1,2,0.095,60,1,4,0
usr_0464,63,0,57070.47,1,1,2,227.8,21.0,4,0,0,4.64,0,0,0,0,0,0,0.005,999,1,0,1
usr_0465,22,1,52117.61,0,2,0,243.8,30.7,5,1,3,83.12,1,0,1,0,0,0,0.005,999,1,4,1
usr_0466,29,1,67084.12,1,3,3,163.3,58.0,6,1,1,33.61,0,0,0,1,1,0,0.005,999,1,0,1
usr_0467,33,1,58837.54,1,4,0,480.7,221.3,9,1,1,36.59,1,0,1,1,1,5,0.333,5,1,1,0
usr_0468,43,0,41464.55,1,1,3,117.6,-36.1,3,1,3,91.64,0,0,0,1,0,0,0.005,999,1,2,1
usr_0469,43,1,49257.03,0,4,1,194.4,14.8,3,1,4,114.51,0,0,1,1,0,0,0.005,999,1,2,1
usr_0470,38,1,40671.53,1,4,0,227.0,73.1,6,1,1,37.7,1,1,0,0,0,0,0.005,999,1,2,0
usr_0471,56,1,74368.13,0,1,0,199.8,60.8,5,0,0,4.72,1,0,0,1,1,4,0.211,60,2,1,0
usr_0472,53,0,55383.61,1,2,3,133.0,1.1,4,0,0,6.71,1,1,0,1,0,0,0.005,999,1,4,1
usr_0473,50,1,89221.43,1,2,0,216.6,32.5,6,1,1,42.98,0,0,0,1,1,2,0.167,60,1,2,1
usr_0474,47,1,53908.11,1,4,0,166.7,65.5,5,1,0,3.39,0,0,0,1,0,0,0.005,999,1,1,1
usr_0475,54,1,42248.68,1,1,0,66.6,-103.7,1,1,1,31.24,0,1,0,1,1,2,0.077,90,2,4,1
usr_0476,40,0,27753.14,1,3,2,156.6,-65.7,6,0,0,4.05,1,0,0,1,1,5,0.208,60,1,4,1
usr_0477,27,1,22543.49,1,2,1,360.1,154.8,7,1,1,35.64,1,0,0,0,0,0,0.005,999,1,1,1
usr_0478,22,1,26485.55,0,3,0,162.3,-35.0,3,0,0,4.96,1,1,0,0,0,0,0.005,999,1,2,1
usr_0479,53,0,59808.28,1,2,0,295.2,151.0,5,1,2,16.93,0,0,0,1,1,5,0.25,180,2,3,1
usr_0480,51,1,64157.05,1,3,0,174.6,58.0,4,0,0,6.68,1,0,0,1,1,3,0.333,60,1,3,0
usr_0481,48,1,26538.57,1,4,0,289.3,67.6,10,1,1,34.37,0,1,1,1,1,1,0.091,180,1,0,1
usr_0482,27,0,71110.69,1,4,1,126.3,-35.7,3,1,3,93.38,0,1,1,1,1,0,0.005,999,1,2,1
usr_0483,36,0,46304.9,1,4,2,201.0,24.3,4,1,2,72.19,0,0,1,1,1,5,0.217,12,1,4,0
usr_0484,49,1,57642.27,0,1,0,340.6,168.5,8,1,0,6.61,0,0,0,1,1,3,0.143,60,2,0,1
usr_0485,18,0,84019.97,1,3,1,278.9,72.0,6,0,0,5.9,0,1,0,0,0,0,0.005,999,1,2,1
usr_0486,22,1,71143.11,1,1,1,181.7,-72.0,3,1,2,52.34,0,0,0,0,0,0,0.005,999,1,1,0
usr_0487,62,0,50166.45,1,2,3,106.5,-132.0,2,1,1,27.69,0,0,1,0,0,0,0.005,999,1,0,1
usr_0488,21,1,38958.54,1,2,3,224.4,137.7,5,1,2,90.1,0,0,1,1,1,3,0.25,60,1,0,1
usr_0489,33,0,18000.0,0,2,3,101.8,-65.9,5,1,1,30.57,0,1,0,0,0,0,0.005,999,1,2,1
usr_0490,41,1,42055.24,0,2,0,226.7,100.6,7,1,1,31.24,0,0,1,1,1,5,0.147,30,1,1,1
usr_0491,33,1,51199.66,1,4,0,188.2,-29.3,5,1,1,36.08,0,1,0,0,0,0,0.005,999,1,1,0
usr_0492,19,1,37230.77,1,1,0,126.4,-53.8,7,1,2,83.8,1,0,1,1,1,4,0.267,60,1,1,1
usr_0493,45,1,52637.37,0,3,0,119.3,-84.9,4,1,3,74.37,1,0,1,1,1,3,0.333,180,2,1,1
usr_0494,49,0,56383.33,1,2,1,196.4,32.2,5,0,0,4.08,0,1,0,1,0,0,0.005,999,1,0,1
usr_0495,44,1,50952.59,1,1,2,244.9,106.5,6,1,1,19.17,1,1,1,0,0,0,0.005,999,1,2,1
usr_0496,37,0,43299.95,1,1,3,104.6,-40.7,2,1,0,3.54,1,0,0,0,0,0,0.005,999,1,2,0
usr_0497,41,0,58035.78,1,4,3,275.3,156.6,7,1,1,36.54,0,0,1,1,1,4,0.125,180,2,0,1
usr_0498,29,0,62954.93,0,4,1,184.4,54.9,4,1,3,87.26,0,1,1,1,1,2,0.25,30,2,1,1
usr_0499,52,1,35372.82,0,4,2,152.4,31.4,4,1,1,46.08,1,1,0,1,0,0,0.005,999,1,2,1
usr_0500,50,1,80396.78,1,4,0,174.5,35.9,4,1,3,98.79,1,0,1,1,1,1,0.083,30,1,0,1
usr_0501,50,1,53225.41,1,1,0,194.1,57.8,4,1,1,31.18,1,0,1,0,0,0,0.005,999,1,3,1
usr_0502,60,0,55339.29,1,2,2,300.9,105.1,5,1,3,87.55,1,1,0,0,0,0,0.005,999,1,1,1
usr_0503,54,0,67747.86,1,3,0,181.6,-12.6,5,1,2,42.24,0,1,0,1,1,1,0.067,90,2,0,0
usr_0504,29,1,59197.89,1,2,1,179.4,-16.3,4,0,0,6.31,0,1,0,1,0,0,0.005,999,1,1,1
usr_0505,20,0,72156.46,1,2,0,62.9,-164.1,1,0,0,5.08,0,0,0,0,0,0,0.005,999,1,1,0
usr_0506,18,1,60168.23,1,2,2,126.1,-50.8,5,1,1,31.06,0,0,1,1,1,1,0.038,5,2,0,0
usr_0507,50,0,43976.13,1,3,2,140.4,-8.4,2,0,0,5.14,0,1,0,1,0,0,0.005,999,1,0,1
usr_0508,57,1,61507.06,1,3,0,174.9,-93.6,3,1,1,26.63,0,0,0,1,1,3,0.188,60,2,0,1
usr_0509,27,1,34412.93,0,1,3,187.7,-28.5,9,1,1,22.04,0,0,1,0,0,0,0.005,999,1,1,1
usr_0510,60,0,56954.07,1,2,0,190.3,4.2,4,1,4,124.6,0,0,0,0,0,0,0.005,999,1,1,1
usr_0511,61,0,54401.86,0,3,1,344.8,161.5,10,1,1,33.76,0,0,0,1,1,2,0.087,30,2,3,1
usr_0512,46,1,51253.9,1,3,2,223.9,32.3,6,1,2,61.3,0,0,0,0,0,0,0.005,999,1,1,1
usr_0513,30,1,52686.32,1,1,2,145.1,-26.8,3,1,3,100.88,0,1,0,0,0,0,0.005,999,1,2,1
usr_0514,29,0,21126.72,1,3,3,328.1,143.0,6,1,3,114.64,0,1,0,1,1,3,0.333,5,0,2,1
usr_0515,48,1,45122.95,1,1,0,150.1,-49.9,4,1,0,5.96,1,0,0,0,0,0,0.005,999,1,1,1
usr_0516,63,0,56671.21,0,2,2,116.2,-34.7,3,1,1,38.86,1,0,0,1,1,1,0.036,60,2,2,1
usr_0517,19,0,57877.42,0,3,2,101.4,-13.2,2,1,1,40.04,0,0,1,1,1,3,0.103,12,2,1,0
usr_0518,52,1,36501.85,1,3,3,153.1,56.1,3,1,1,35.98,0,1,0,1,1,5,0.385,180,2,1,0
usr_0519,40,0,77782.74,0,1,0,152.1,-63.4,5,1,1,34.85,1,0,1,0,0,0,0.005,999,1,1,1
usr_0520,34,1,39408.85,1,3,2,133.9,17.2,2,1,2,95.09,0,1,1,1,1,3,0.1,180,0,3,1
usr_0521,43,0,72450.23,1,3,1,173.9,-24.7,5,1,1,38.27,1,0,1,1,1,2,0.154,5,2,1,0
usr_0522,25,0,62689.5,1,3,0,167.2,33.4,3,1,1,25.24,0,0,0,1,1,4,0.138,180,2,1,1
usr_0523,46,1,43367.91,1,3,1,194.2,59.7,4,1,4,68.38,1,1,1,0,0,0,0.005,999,1,0,1
usr_0524,43,0,86955.6,0,3,0,201.6,50.3,4,1,0,4.54,1,0,0,0,0,0,0.005,999,1,1,1
usr_0525,27,1,33514.54,1,2,1,175.1,-12.7,5,1,1,37.0,1,0,0,1,0,0,0.005,999,1,0,0
usr_0526,43,0,71544.78,1,1,3,70.4,-58.1,3,1,2,79.34,0,0,1,1,1,4,0.25,12,2,4,0
usr_0527,51,0,73010.48,0,1,1,171.5,16.2,4,0,0,5.86,1,0,0,1,1,2,0.118,30,2,1,0
usr_0528,58,0,42928.84,1,2,2,171.7,-7.3,4,1,1,37.84,1,0,1,1,1,2,0.182,60,0,0,1
usr_0529,24,1,80064.38,0,3,1,155.0,23.4,5,0,0,3.08,1,0,0,1,1,5,0.185,180,2,0,1
usr_0530,21,0,50499.16,1,2,0,114.5,-122.6,2,1,3,110.61,0,1,1,1,1,3,0.158,90,2,0,1
usr_0531,62,1,60196.49,1,1,0,288.2,177.1,7,1,1,35.33,1,1,0,1,0,0,0.005,999,1,0,1
usr_0532,28,1,59685.79,0,1,1,73.1,-98.2,2,1,1,30.94,0,1,0,1,1,5,0.152,5,2,3,0
usr_0533,46,1,52582.44,1,2,0,200.6,-30.3,4,1,1,28.32,0,0,1,0,0,0,0.005,999,1,3,0
usr_0534,53,0,69594.55,1,1,0,201.9,74.9,4,0,0,3.4,1,1,0,1,1,1,0.042,180,2,4,1
usr_0535,42,1,69282.8,1,3,1,106.7,-68.9,3,1,1,36.67,0,0,0,1,0,0,0.005,999,1,2,1
usr_0536,38,1,23526.42,1,1,0,286.5,101.2,5,1,1,29.38,1,0,1,1,1,3,0.214,60,2,2,0
usr_0537,53,1,78478.12,1,3,0,280.2,132.5,4,1,1,52.34,1,0,0,1,1,1,0.143,180,2,4,1
usr_0538,27,1,25075.14,0,4,1,93.3,-83.6,3,1,1,19.92,0,1,1,1,1,3,0.125,30,2,4,1
usr_0539,54,1,73585.83,0,1,0,88.1,-114.4,2,1,1,30.14,1,0,1,0,0,0,0.005,999,1,3,1
usr_0540,26,1,75280.69,0,2,3,100.6,-60.7,2,1,1,25.83,1,1,1,0,0,0,0.005,999,1,3,1
usr_0541,41,0,35362.6,1,1,3,416.7,206.1,6,1,2,70.15,0,0,0,1,1,3,0.25,60,2,2,1
usr_0542,52,0,47605.34,1,3,2,199.7,4.0,6,1,1,16.41,1,0,1,0,0,0,0.005,999,1,0,1
usr_0543,52,1,35097.32,1,3,0,41.2,-115.5,1,0,0,4.96,0,0,0,1,0,0,0.005,999,1,1,1
usr_0544,53,1,51131.42,1,2,2,69.8,-155.3,2,1,2,80.09,0,1,0,0,0,0,0.005,999,1,2,1
usr_0545,35,1,49455.38,0,2,3,231.1,80.7,4,1,3,102.42,0,0,0,0,0,0,0.005,999,1,1,0
usr_0546,56,1,69033.89,1,4,2,44.0,-170.2,1,1,1,29.52,0,1,1,0,0,0,0.005,999,1,3,1
usr_0547,49,0,78585.56,0,1,0,161.5,10.4,5,1,1,37.73,0,1,1,1,1,5,0.294,60,2,3,0
usr_0548,41,0,80122.31,0,1,2,183.6,16.2,4,1,1,34.63,1,1,0,1,1,2,0.125,12,1,1,0
usr_0549,40,1,44880.98,0,4,3,143.6,-29.9,3,1,1,39.62,1,0,1,0,0,0,0.005,999,1,0,1
usr_0550,49,0,51234.01,1,3,1,646.7,453.2,12,1,2,62.04,0,1,1,0,0,0,0.005,999,1,1,1
usr_0551,54,0,24698.11,0,4,2,135.8,52.3,3,0,0,3.66,0,1,0,1,1,5,0.5,60,2,0,0
usr_0552,29,1,40494.34,0,3,1,227.4,29.1,5,1,2,81.24,0,0,1,1,1,0,0.005,999,1,1,1
usr_0553,30,0,72367.33,0,4,1,206.2,30.3,5,0,0,4.22,0,1,0,1,1,1,0.077,90,1,2,1
usr_0554,40,1,84080.49,0,2,0,85.5,-105.9,3,1,1,30.61,0,0,0,1,1,3,0.231,180,1,0,1
usr_0555,42,0,32781.72,1,3,2,162.9,-37.2,4,1,2,69.89,0,0,0,1,0,0,0.005,999,1,0,1
usr_0556,52,1,44335.64,1,4,0,297.8,102.0,7,1,1,33.48,0,0,1,1,1,4,0.143,90,2,1,1
usr_0557,58,0,54524.7,1,3,1,255.2,155.5,7,1,0,5.44,0,0,0,0,0,0,0.005,999,1,2,1
usr_0558,47,1,60042.9,1,1,0,161.1,23.5,7,1,4,168.62,1,0,0,1,1,4,0.364,90,2,0,1
usr_0559,34,0,40427.14,0,1,1,65.3,-128.0,2,1,3,87.6,1,0,1,1,1,5,0.455,90,2,3,1
usr_0560,37,0,62633.1,1,1,0,210.1,22.1,5,1,2,53.69,0,1,1,1,1,3,0.103,30,1,1,1
usr_0561,42,0,46470.89,0,1,2,166.1,17.7,3,1,1,34.19,0,1,0,0,0,0,0.005,999,1,0,1
usr_0562,39,1,54739.86,0,2,2,373.6,164.1,6,0,0,6.21,0,1,0,1,0,0,0.005,999,1,1,1
usr_0563,30,1,64833.12,0,3,0,125.9,-43.8,3,1,3,74.14,1,0,1,1,1,4,0.364,12,2,4,1
usr_0564,36,0,55115.6,0,3,0,200.9,-14.5,6,1,1,39.95,1,1,1,1,0,0,0.005,999,1,1,1
usr_0565,53,1,47145.05,0,2,0,154.6,-73.8,4,1,3,89.11,1,0,1,0,0,0,0.005,999,1,2,1
usr_0566,29,1,53027.02,1,3,3,204.6,13.5,7,1,1,17.06,1,1,0,0,0,0,0.005,999,1,3,1
usr_0567,58,1,53409.47,1,1,1,259.8,57.6,5,1,1,38.78,0,0,1,1,1,2,0.143,30,1,2,1
usr_0568,36,0,48339.8,0,1,1,143.8,-11.9,2,1,4,113.98,1,0,0,1,1,2,0.2,60,2,0,1
usr_0569,29,1,50341.67,0,1,0,75.9,-139.8,2,1,1,36.62,0,1,1,0,0,0,0.005,999,1,2,1
usr_0570,26,0,83775.65,1,2,2,89.6,-99.1,3,0,0,5.95,0,0,0,1,1,4,0.2,60,0,4,1
usr_0571,24,0,65096.55,0,1,3,325.0,156.8,6,0,0,4.43,1,0,0,0,0,0,0.005,999,1,2,1
usr_0572,45,1,49681.35,0,1,3,319.2,188.0,7,1,1,15.72,0,1,1,1,0,0,0.005,999,1,3,0
usr_0573,31,0,67545.18,1,2,2,188.6,28.0,4,0,0,5.44,1,0,0,0,0,0,0.005,999,1,1,1
usr_0574,48,1,48991.25,0,4,0,248.7,113.1,4,1,1,26.62,0,0,1,0,0,0,0.005,999,1,1,1
usr_0575,36,1,76116.24,0,1,0,154.1,-56.4,6,1,1,31.55,1,0,0,0,0,0,0.005,999,1,2,1
usr_0576,64,1,61653.56,1,3,0,128.8,-100.0,5,1,2,83.2,0,0,1,0,0,0,0.005,999,1,1,1
usr_0577,33,1,53068.56,0,3,0,278.9,62.2,7,1,1,34.33,0,0,1,0,0,0,0.005,999,1,3,1
usr_0578,22,0,63058.9,1,3,0,94.0,-185.4,2,1,4,211.75,1,1,0,1,1,3,0.2,60,2,4,1
usr_0579,52,0,26724.23,1,4,0,334.2,172.6,9,1,0,4.29,1,0,0,1,1,2,0.077,90,0,3,1
usr_0580,29,1,34718.19,0,1,1,360.1,156.2,5,1,1,32.97,1,1,1,1,1,3,0.333,30,2,4,1
usr_0581,42,0,33509.35,1,1,3,193.9,61.2,5,0,0,4.81,1,0,0,0,0,0,0.005,999,1,1,1
usr_0582,38,0,57572.98,1,4,2,179.5,7.4,5,1,2,67.75,1,0,0,0,0,0,0.005,999,1,3,1
usr_0583,53,0,86185.27,0,2,3,261.5,140.6,6,1,4,184.05,1,1,1,1,1,4,0.129,60,1,1,1
usr_0584,40,0,95163.4,1,3,2,167.5,-35.2,3,1,2,93.04,0,1,1,1,1,2,0.083,5,0,0,0
usr_0585,33,0,66484.92,0,3,0,231.6,65.8,7,1,1,32.44,0,1,1,0,0,0,0.005,999,1,2,1
usr_0586,56,0,64015.2,1,3,2,509.6,411.8,13,1,1,38.89,0,1,0,0,0,0,0.005,999,1,1,1
usr_0587,62,1,22580.96,0,4,0,324.4,171.8,6,1,2,67.45,1,0,1,1,1,2,0.067,180,2,4,1
usr_0588,59,1,45231.87,1,4,2,328.4,76.7,6,1,3,70.19,0,0,1,1,1,4,0.222,90,1,1,1
usr_0589,56,1,40819.89,0,3,0,225.6,29.2,5,1,4,128.46,1,1,0,1,1,1,0.091,5,1,4,1
usr_0590,31,0,43824.74,1,1,3,219.6,8.8,3,1,1,27.96,0,0,1,1,1,4,0.286,12,1,0,1
usr_0591,48,0,51973.41,0,4,0,395.1,210.1,6,1,4,125.99,1,0,1,1,1,2,0.071,90,2,3,1
usr_0592,22,0,46502.37,1,1,0,151.3,-21.4,6,0,0,4.59,0,0,0,1,1,7,0.226,180,2,2,1
usr_0593,52,1,19372.6,1,1,3,71.6,-109.0,3,1,1,33.24,0,1,1,0,0,0,0.005,999,1,2,1
usr_0594,40,1,68462.38,1,4,0,111.6,-78.2,2,0,0,3.71,1,0,0,1,1,2,0.08,90,0,1,1
usr_0595,46,0,35690.63,1,1,2,181.7,45.6,3,1,1,37.63,0,0,1,0,0,0,0.005,999,1,2,1
usr_0596,60,1,59306.44,1,1,2,161.7,-48.8,4,1,2,68.96,0,0,1,1,1,1,0.143,30,0,1,1
usr_0597,28,0,92333.49,1,1,3,80.4,-144.5,2,1,3,135.23,0,1,1,1,1,2,0.083,60,2,2,1
usr_0598,35,1,38451.08,1,4,3,103.0,-69.1,3,1,2,99.08,0,0,1,1,1,4,0.267,60,2,1,1
usr_0599,64,1,18000.0,0,2,3,246.4,87.3,9,1,1,28.76,0,0,0,1,0,0,0.005,999,1,0,0
usr_0600,29,1,49851.92,1,3,0,227.0,76.7,4,1,1,39.76,1,1,0,0,0,0,0.005,999,1,0,1
usr_0601,26,1,74817.27,1,1,3,225.0,-25.4,6,1,2,97.83,0,1,0,0,0,0,0.005,999,1,1,1
usr_0602,27,1,90250.25,1,3,2,56.1,-105.8,1,1,1,39.97,1,1,1,1,1,4,0.25,180,2,4,1
usr_0603,61,0,32868.11,1,3,2,84.9,-121.2,4,1,2,75.48,0,1,0,1,1,5,0.278,90,2,1,1
usr_0604,34,1,63940.59,1,2,0,376.7,204.3,7,1,2,34.85,1,0,1,0,0,0,0.005,999,1,3,0
usr_0605,55,0,46624.41,0,2,2,294.8,124.5,6,1,2,55.07,1,0,0,1,1,2,0.118,5,1,1,1
usr_0606,24,1,53092.93,1,1,3,36.4,-113.0,1,1,1,28.7,0,0,1,0,0,0,0.005,999,1,4,0
usr_0607,63,1,102598.18,1,4,3,357.4,216.2,8,1,3,129.29,0,1,0,1,1,1,0.04,30,1,1,1
usr_0608,30,1,27946.53,1,3,1,132.7,-76.9,3,1,1,26.16,0,0,1,0,0,0,0.005,999,1,0,1
usr_0609,57,1,59567.31,1,4,0,185.5,45.2,5,1,1,31.32,1,1,1,1,1,4,0.25,180,2,2,1
usr_0610,59,1,63418.48,1,2,1,28.0,-170.5,3,1,2,77.44,1,1,1,0,0,0,0.005,999,1,2,1
usr_0611,26,1,74544.15,1,3,3,140.8,-42.8,4,1,1,25.79,1,0,1,1,1,1,0.043,180,1,1,1
usr_0612,44,1,56763.7,1,3,2,143.4,-66.7,3,1,3,102.7,0,0,0,0,0,0,0.005,999,1,1,1
usr_0613,19,0,60544.91,1,3,1,179.6,24.0,5,1,1,33.19,0,0,0,0,0,0,0.005,999,1,0,0
usr_0614,22,0,47950.33,0,4,0,87.2,-136.0,2,1,1,39.02,0,0,1,1,1,1,0.04,180,1,1,1
usr_0615,46,0,59844.28,1,2,1,244.3,69.9,4,1,3,111.81,0,0,1,1,1,2,0.143,5,2,2,1
usr_0616,54,0,48822.54,1,1,1,286.0,2.3,7,1,1,37.02,0,1,0,0,0,0,0.005,999,1,1,1
usr_0617,55,1,66188.29,0,3,3,131.2,15.8,8,1,1,33.61,0,0,1,0,0,0,0.005,999,1,1,1
usr_0618,36,0,48347.01,0,3,2,201.4,-75.8,5,1,1,18.59,1,0,1,1,1,4,0.308,90,2,1,1
usr_0619,25,1,61787.81,1,3,0,177.3,2.4,4,1,1,33.12,0,0,0,0,0,0,0.005,999,1,0,1
usr_0620,62,0,54473.27,0,1,1,163.0,-25.9,5,1,2,64.88,1,1,0,1,1,2,0.25,90,2,2,1
usr_0621,18,0,75268.9,1,2,0,305.4,149.6,6,0,0,3.37,0,1,0,1,1,2,0.087,60,2,2,1
usr_0622,39,1,54074.91,1,2,3,169.7,52.5,7,1,3,85.85,1,1,0,0,0,0,0.005,999,1,0,1
usr_0623,34,1,23085.42,1,2,1,242.6,83.7,6,1,2,64.67,1,1,0,1,0,0,0.005,999,1,0,0
usr_0624,24,1,77714.59,1,3,1,146.4,-19.0,6,0,0,4.69,1,0,0,1,0,0,0.005,999,1,0,1
usr_0625,42,1,38696.82,0,3,1,231.2,43.9,6,1,2,52.6,1,0,0,0,0,0,0.005,999,1,4,1
usr_0626,62,1,43232.21,1,1,2,158.0,-66.8,3,1,1,22.77,1,0,1,1,1,3,0.188,12,0,1,0
usr_0627,21,0,44278.1,1,2,2,240.9,53.3,6,0,0,5.25,1,0,0,1,0,0,0.005,999,1,1,1
usr_0628,53,1,79739.89,1,1,2,274.0,85.7,7,1,1,40.06,0,1,0,1,0,0,0.005,999,1,1,1
usr_0629,23,1,18000.0,0,1,0,173.8,-21.6,4,1,1,27.0,1,0,1,1,1,3,0.231,60,0,4,1
usr_0630,48,1,111479.47,1,3,0,94.4,-15.4,2,1,2,60.52,1,0,0,0,0,0,0.005,999,1,2,1
usr_0631,36,0,74009.02,0,4,0,302.5,189.0,6,1,1,38.64,1,1,0,0,0,0,0.005,999,1,0,1
usr_0632,61,1,59018.3,0,2,2,351.3,231.2,7,1,1,39.41,0,1,1,0,0,0,0.005,999,1,1,1
usr_0633,56,0,54011.91,0,3,0,69.6,-95.5,1,1,2,67.7,0,1,1,0,0,0,0.005,999,1,2,1
usr_0634,44,0,60139.97,0,4,1,96.5,-8.6,2,1,2,70.63,1,0,1,0,0,0,0.005,999,1,1,1
usr_0635,27,0,64380.2,1,4,3,92.8,-59.6,4,1,1,36.26,1,1,0,1,1,2,0.154,180,1,1,1
usr_0636,43,1,66613.88,0,1,3,163.4,38.1,3,1,2,75.38,0,0,1,0,0,0,0.005,999,1,4,1
usr_0637,36,1,65000.88,1,4,1,237.3,37.8,4,1,1,23.43,0,0,1,0,0,0,0.005,999,1,4,1
usr_0638,56,1,56612.45,1,2,1,221.1,23.6,3,1,3,142.01,0,1,1,1,1,2,0.167,90,2,4,1
usr_0639,20,1,51447.91,1,2,0,471.9,303.9,8,1,1,34.19,0,1,0,0,0,0,0.005,999,1,0,1
usr_0640,62,0,52277.08,0,1,2,217.2,113.2,6,1,2,75.68,0,0,0,0,0,0,0.005,999,1,0,1
usr_0641,30,0,51491.65,1,2,3,181.5,11.0,4,1,1,25.91,0,0,1,0,0,0,0.005,999,1,1,1
usr_0642,45,0,75407.86,1,1,0,122.8,-70.3,3,1,0,5.41,1,0,0,0,0,0,0.005,999,1,3,0
usr_0643,37,1,65684.02,1,1,1,82.7,-129.7,2,1,1,35.02,0,0,1,1,1,4,0.267,12,2,2,0
usr_0644,45,0,18000.0,0,2,3,244.3,-5.8,6,1,1,17.56,0,1,0,1,1,1,0.067,180,2,3,0
usr_0645,25,1,66806.21,1,4,3,289.6,64.9,5,1,2,49.58,1,0,0,0,0,0,0.005,999,1,4,0
usr_0646,58,1,58505.25,1,4,0,54.4,-132.2,2,1,1,26.2,1,1,1,0,0,0,0.005,999,1,2,1
usr_0647,56,0,54663.24,1,2,1,320.2,151.6,11,1,2,43.54,1,1,1,0,0,0,0.005,999,1,0,0
usr_0648,18,1,48006.67,0,4,0,340.3,190.0,6,1,2,65.7,0,0,0,1,1,2,0.095,60,2,0,1
usr_0649,20,1,75234.03,1,4,0,299.7,65.5,5,1,2,62.81,1,0,0,1,1,5,0.152,180,1,1,1
usr_0650,30,1,72055.48,0,3,3,76.7,-110.0,2,0,0,4.53,0,0,0,1,0,0,0.005,999,1,1,1
usr_0651,45,1,41088.2,0,1,3,132.1,-73.1,2,1,4,92.14,1,0,1,0,0,0,0.005,999,1,0,1
usr_0652,42,0,62326.94,1,3,2,271.1,114.7,5,1,2,67.76,1,0,1,0,0,0,0.005,999,1,2,1
usr_0653,50,0,37510.18,0,4,0,233.2,102.8,6,1,2,49.92,0,0,1,1,1,4,0.121,60,0,0,1
usr_0654,55,1,30166.87,0,3,3,44.8,-119.2,3,1,1,18.26,0,1,1,1,1,5,0.147,12,1,2,1
usr_0655,23,1,43719.09,0,2,1,92.4,-75.5,4,1,1,36.7,0,0,0,1,1,3,0.103,60,1,3,0
usr_0656,61,0,70523.08,1,2,0,173.0,-14.7,5,0,0,5.22,1,1,0,0,0,0,0.005,999,1,0,1
usr_0657,62,1,72156.25,1,3,1,307.2,156.7,6,1,1,36.42,0,0,1,1,1,5,0.185,12,2,0,0
usr_0658,49,1,64235.54,1,2,0,307.4,126.4,6,0,0,3.39,1,1,0,1,0,0,0.005,999,1,0,1
usr_0659,62,1,68051.72,1,1,2,115.7,-111.4,3,1,1,32.67,0,1,1,1,1,4,0.364,180,1,0,1
usr_0660,64,0,64291.21,0,2,1,161.4,48.3,4,1,1,36.78,0,0,0,0,0,0,0.005,999,1,1,1
usr_0661,38,1,43453.33,1,4,0,91.7,-3.6,2,1,1,39.62,1,1,1,1,1,3,0.1,30,2,2,0
usr_0662,33,1,62774.61,1,4,0,124.6,-105.2,3,1,1,37.03,1,1,1,0,0,0,0.005,999,1,2,1
usr_0663,38,0,69407.37,0,1,0,306.2,184.7,7,1,3,119.16,1,1,1,1,1,3,0.143,180,2,1,1
usr_0664,28,0,68577.24,1,4,0,210.7,45.9,5,0,0,6.94,0,1,0,0,0,0,0.005,999,1,1,1
usr_0665,54,1,76400.44,1,2,1,132.0,-72.3,6,1,2,65.68,0,0,1,1,1,5,0.5,12,2,2,1
usr_0666,53,0,67749.47,0,3,3,50.0,-127.6,1,0,0,5.02,0,0,0,1,1,3,0.273,90,0,0,1
usr_0667,52,1,61326.07,0,3,0,171.4,-5.7,4,0,0,5.55,0,0,0,0,0,0,0.005,999,1,0,0
usr_0668,36,1,74262.7,0,4,0,168.1,-14.8,3,0,0,4.27,0,0,0,1,0,0,0.005,999,1,3,0
usr_0669,37,0,54522.62,0,4,1,132.6,-148.1,4,1,2,83.18,1,1,1,0,0,0,0.005,999,1,1,1
usr_0670,35,1,39126.26,1,2,3,224.7,-26.5,5,1,1,39.0,0,1,1,1,1,1,0.067,60,2,3,1
usr_0671,64,0,52064.79,1,4,0,199.5,47.2,4,1,3,80.82,0,0,0,0,0,0,0.005,999,1,0,1
usr_0672,58,1,41591.75,1,1,0,50.7,-171.3,1,1,1,21.55,0,1,1,0,0,0,0.005,999,1,0,0
usr_0673,31,0,42846.79,1,3,1,50.4,-149.8,2,0,0,6.16,1,1,0,1,1,5,0.263,12,0,1,1
usr_0674,32,1,52398.66,0,3,0,377.3,198.1,7,1,2,45.1,1,0,1,0,0,0,0.005,999,1,3,1
usr_0675,48,0,40736.44,1,3,0,355.3,211.6,7,0,0,3.4,0,0,0,1,1,2,0.222,5,2,3,0
usr_0676,18,0,49456.69,1,1,2,140.7,-57.4,3,1,2,63.88,0,0,1,1,1,1,0.05,90,1,0,1
usr_0677,20,1,20914.94,1,4,2,174.4,6.6,4,0,0,6.62,0,1,0,1,1,5,0.2,90,2,4,1
usr_0678,33,0,58839.29,1,1,1,68.4,-96.4,3,1,1,36.04,1,1,0,1,1,4,0.222,5,1,1,0
usr_0679,40,1,55021.7,1,1,2,209.7,60.4,4,1,2,79.65,1,0,0,0,0,0,0.005,999,1,0,1
usr_0680,28,0,40292.4,1,3,2,70.3,-149.7,1,1,4,112.33,1,0,1,1,1,5,0.156,90,2,0,1
usr_0681,29,1,66866.42,1,2,0,92.4,-56.9,3,1,1,44.24,0,1,0,0,0,0,0.005,999,1,1,1
usr_0682,27,0,71876.26,0,4,1,349.3,199.8,6,1,2,78.3,0,1,0,1,1,4,0.167,60,2,1,1
usr_0683,49,1,26063.92,0,2,0,119.7,-91.4,2,0,0,4.34,1,1,0,1,1,1,0.045,90,2,0,1
usr_0684,33,1,41270.95,0,1,0,196.5,22.3,7,1,2,35.1,1,1,1,1,1,0,0.005,999,2,4,1
usr_0685,25,0,41155.44,0,4,2,47.8,-127.5,1,1,2,82.86,1,0,1,0,0,0,0.005,999,1,2,1
usr_0686,55,0,38081.74,1,2,3,59.0,-162.3,2,0,0,4.56,1,0,0,1,0,0,0.005,999,1,3,1
usr_0687,29,0,69930.55,1,1,3,247.8,15.3,6,1,1,32.09,0,0,0,1,1,6,0.375,90,2,1,1
usr_0688,41,1,51511.13,1,3,2,194.0,99.1,4,0,0,5.66,1,1,0,1,1,2,0.125,5,1,2,0
usr_0689,45,0,50238.73,1,2,0,60.8,-114.0,2,1,1,27.87,1,0,0,0,0,0,0.005,999,1,1,1
usr_0690,25,1,18930.48,1,3,0,235.6,112.0,5,0,0,4.4,1,1,0,1,1,2,0.069,60,2,2,0
usr_0691,45,0,66437.52,0,2,3,346.2,181.7,7,1,1,27.5,0,0,0,0,0,0,0.005,999,1,4,1
usr_0692,53,0,32693.35,0,4,1,299.6,119.9,6,1,4,181.1,0,1,0,1,1,5,0.167,60,2,2,1
usr_0693,43,1,56078.79,1,4,2,148.9,-16.9,3,0,0,5.32,0,0,0,1,1,4,0.222,180,2,1,0
usr_0694,25,1,59992.78,1,3,2,138.8,-0.2,5,1,1,25.82,0,0,0,0,0,0,0.005,999,1,0,1
usr_0695,45,0,79491.85,1,1,2,166.7,29.7,4,1,1,27.37,0,1,0,0,0,0,0.005,999,1,4,1
usr_0696,45,0,31441.23,0,4,3,277.9,68.8,6,1,3,147.24,1,0,0,1,1,5,0.192,30,1,0,0
usr_0697,54,0,18000.0,0,3,0,242.6,1.2,4,1,1,23.84,0,1,0,0,0,0,0.005,999,1,3,1
usr_0698,58,1,58309.29,1,3,2,292.7,195.1,7,1,1,26.28,0,0,1,0,0,0,0.005,999,1,1,1
usr_0699,53,1,87409.2,0,2,3,102.7,-64.2,2,1,1,28.56,0,0,1,1,1,5,0.312,5,2,1,0
usr_0700,44,1,77301.03,0,4,0,98.9,-110.4,3,1,1,21.14,0,1,0,1,1,2,0.25,60,1,2,0
usr_0701,34,1,58773.87,1,3,2,90.9,-87.8,3,0,0,5.73,1,1,0,1,0,0,0.005,999,1,0,1
usr_0702,26,1,46150.55,0,1,0,135.5,0.5,5,1,1,27.82,0,0,1,0,0,0,0.005,999,1,1,1
usr_0703,50,1,69528.21,1,2,3,152.3,-8.6,4,1,0,4.92,0,1,0,0,0,0,0.005,999,1,0,1
usr_0704,37,1,37476.17,0,4,0,595.2,403.1,9,1,1,42.62,1,0,0,1,1,3,0.12,60,1,2,1
usr_0705,30,0,63574.44,0,1,1,188.4,20.7,5,1,1,22.67,1,0,1,1,0,0,0.005,999,1,0,1
usr_0706,45,0,64098.46,1,4,0,367.5,189.4,8,1,1,30.86,0,0,0,1,1,4,0.308,180,1,0,1
usr_0707,46,0,74083.78,1,3,2,152.6,-26.6,3,0,0,4.45,1,0,0,1,0,0,0.005,999,1,3,1
usr_0708,30,0,104673.88,1,3,0,39.4,-119.6,1,1,3,90.96,1,0,1,1,1,4,0.133,90,1,1,1
usr_0709,63,1,62063.49,1,1,0,47.3,-165.4,1,1,3,73.84,1,0,1,0,0,0,0.005,999,1,0,1
usr_0710,52,1,45838.65,0,1,1,392.4,231.5,8,0,0,6.01,0,0,0,1,1,3,0.25,60,2,1,0
usr_0711,23,0,54539.66,1,4,3,328.5,188.7,7,1,1,34.57,1,1,0,1,0,0,0.005,999,1,1,1
usr_0712,35,0,23156.63,0,1,0,108.9,-160.3,6,1,1,43.22,0,0,1,1,1,1,0.1,30,1,1,0
usr_0713,22,1,42495.16,1,3,0,295.3,118.4,6,0,0,4.56,0,1,0,1,1,2,0.222,12,2,4,0
usr_0714,64,1,47632.92,1,2,2,279.6,203.6,8,1,1,44.94,0,1,1,1,0,0,0.005,999,1,2,1
usr_0715,42,0,45566.41,1,1,1,79.9,-150.3,2,1,1,25.54,0,0,0,1,0,0,0.005,999,1,0,1
usr_0716,19,1,57742.39,1,1,3,371.4,141.3,8,1,3,90.29,1,0,1,0,0,0,0.005,999,1,1,1
usr_0717,27,0,40196.44,0,2,0,420.4,222.1,7,1,3,138.35,1,0,1,1,1,1,0.042,30,2,0,1
usr_0718,47,0,75178.55,0,4,2,162.9,-42.4,4,1,1,55.22,0,1,0,1,1,7,0.467,5,2,0,0
usr_0719,62,1,55003.73,1,2,0,391.5,125.1,7,1,1,45.49,0,0,0,1,1,5,0.156,5,2,4,1
usr_0720,22,1,54832.59,1,2,0,103.3,-38.2,4,1,3,90.63,0,0,0,1,1,2,0.1,60,2,1,1
usr_0721,50,0,49097.9,1,2,2,178.8,-6.5,4,1,3,108.36,1,1,1,1,1,2,0.08,12,2,3,0
usr_0722,18,1,57793.43,0,2,1,113.0,-145.8,3,1,4,149.84,1,1,1,1,1,2,0.083,5,2,0,1
usr_0723,35,1,69851.77,0,2,2,186.0,-81.3,4,0,0,5.58,1,0,0,1,1,2,0.154,60,2,0,0
usr_0724,49,1,39391.66,0,4,0,231.2,65.8,6,1,0,5.69,1,0,0,1,1,1,0.05,12,1,1,0
usr_0725,64,1,43153.9,1,2,1,179.9,-80.5,7,1,2,67.75,1,1,1,1,1,3,0.107,5,1,1,1
usr_0726,28,1,49532.93,1,2,1,41.9,-170.2,1,1,1,27.95,1,1,1,1,0,0,0.005,999,1,2,1
usr_0727,38,1,30774.32,1,1,3,113.9,-125.9,5,1,0,5.08,0,0,0,1,1,6,0.273,12,2,1,1
usr_0728,43,1,40253.36,0,4,0,36.8,-174.0,1,1,0,4.31,1,0,0,1,1,6,0.176,180,1,1,1
usr_0729,42,0,46428.02,1,1,0,195.6,3.4,4,1,3,103.57,1,1,0,0,0,0,0.005,999,1,2,1
usr_0730,39,0,70739.01,1,1,1,123.5,-144.9,3,1,3,120.03,1,1,1,0,0,0,0.005,999,1,2,1
usr_0731,44,0,59726.1,0,3,1,269.1,110.2,6,1,1,29.97,1,1,0,1,1,1,0.091,90,1,3,1
usr_0732,30,1,58484.62,1,3,0,383.2,127.1,6,1,3,94.11,1,0,0,1,1,3,0.15,60,2,1,1
usr_0733,50,0,70316.16,1,2,3,48.9,-213.5,1,1,1,38.43,1,1,0,0,0,0,0.005,999,1,3,1
usr_0734,51,1,52527.31,1,2,0,155.3,-79.2,3,1,2,65.13,1,0,1,0,0,0,0.005,999,1,1,1
usr_0735,58,1,62028.37,1,3,3,173.9,-3.2,4,1,1,35.05,0,0,0,0,0,0,0.005,999,1,2,1
usr_0736,52,0,53142.01,0,1,0,305.1,115.3,4,0,0,4.74,0,1,0,1,1,0,0.005,999,2,3,1
usr_0737,18,1,59776.52,0,4,2,31.4,-97.6,5,1,1,33.62,1,0,1,1,0,0,0.005,999,1,0,1
usr_0738,38,0,44510.34,1,3,3,169.4,7.5,5,1,1,23.37,0,1,1,0,0,0,0.005,999,1,1,1
usr_0739,23,1,18000.0,0,2,0,347.4,142.6,7,1,1,32.98,1,0,1,1,1,2,0.105,60,2,4,1
usr_0740,45,0,52582.98,1,2,3,74.4,-48.5,2,0,0,5.1,1,1,0,0,0,0,0.005,999,1,1,1
usr_0741,34,1,80609.47,1,1,1,199.7,31.6,4,1,4,133.41,1,0,1,1,1,1,0.04,60,2,3,1
usr_0742,22,1,71671.88,1,3,3,366.0,108.2,9,0,0,6.15,1,1,0,1,1,4,0.2,180,2,0,1
usr_0743,48,1,72377.15,1,2,2,113.3,-60.5,2,1,0,4.62,0,0,0,1,1,3,0.115,60,1,2,1
usr_0744,22,1,77250.35,0,2,0,144.6,-76.7,5,1,1,37.77,1,1,0,0,0,0,0.005,999,1,3,0
usr_0745,55,1,56595.84,0,3,0,264.9,62.2,6,1,1,38.14,1,1,1,0,0,0,0.005,999,1,1,1
usr_0746,20,1,58551.68,0,4,0,194.9,27.2,4,1,1,37.92,0,0,0,1,1,0,0.005,999,1,1,1
usr_0747,40,1,43882.27,1,2,0,345.2,171.4,8,1,2,45.98,0,0,0,0,0,0,0.005,999,1,0,1
usr_0748,54,1,49310.69,0,4,0,54.3,-132.4,1,1,1,37.18,1,0,1,1,1,3,0.231,90,2,0,1
usr_0749,54,0,66083.88,0,2,0,121.4,23.4,2,1,1,43.08,1,1,1,1,1,3,0.097,5,2,1,0
usr_0750,27,1,76669.92,1,1,1,32.3,-185.6,1,1,2,56.32,1,0,1,1,0,0,0.005,999,1,3,1
usr_0751,27,1,52489.97,1,1,2,54.0,-121.3,1,1,0,7.33,0,0,0,1,1,0,0.005,999,2,4,1
usr_0752,36,1,46896.59,0,2,0,165.4,-53.9,6,1,1,34.92,0,0,1,0,0,0,0.005,999,1,2,1
usr_0753,34,0,55009.5,1,1,0,405.2,209.7,8,1,3,96.79,0,1,1,1,0,0,0.005,999,1,3,1
usr_0754,38,1,65821.72,1,1,2,162.2,-11.3,5,1,0,4.89,0,0,0,1,0,0,0.005,999,1,2,0
usr_0755,31,0,29010.61,0,4,0,22.8,-165.1,1,1,1,36.84,1,0,1,0,0,0,0.005,999,1,2,0
usr_0756,26,1,18000.0,0,4,0,456.9,268.9,9,1,3,108.73,0,1,0,1,1,4,0.133,180,2,2,1
usr_0757,63,0,45090.34,0,3,0,122.8,-116.2,3,1,1,20.27,1,1,0,1,1,2,0.25,60,2,1,1
usr_0758,18,1,33027.18,1,1,3,189.6,7.1,4,1,1,47.11,1,0,1,1,1,7,0.389,60,2,1,1
usr_0759,62,1,45853.48,0,1,3,526.6,335.1,9,1,4,152.04,1,1,0,0,0,0,0.005,999,1,0,1
usr_0760,30,0,52339.95,1,1,1,190.3,60.8,4,0,0,5.85,0,1,0,1,1,2,0.067,12,2,3,0
usr_0761,21,1,46841.53,1,3,2,96.6,-81.5,2,0,0,4.84,1,0,0,1,1,2,0.111,180,1,0,1
usr_0762,18,0,81144.42,1,4,1,209.7,-28.5,5,1,3,114.96,0,0,0,0,0,0,0.005,999,1,0,1
usr_0763,57,1,60881.41,0,2,2,143.7,-53.5,5,1,3,129.96,0,1,1,1,1,5,0.217,60,2,1,1
usr_0764,49,1,60408.54,1,1,2,237.0,100.2,6,1,1,27.01,0,0,1,1,0,0,0.005,999,1,4,1
usr_0765,51,1,66199.73,1,2,2,267.2,126.2,4,1,1,38.67,1,0,1,1,0,0,0.005,999,1,2,1
usr_0766,45,1,34501.0,1,2,0,83.5,-66.8,2,1,2,60.21,0,0,1,1,1,0,0.005,999,2,1,1
usr_0767,48,1,73704.01,1,2,0,126.9,-93.1,3,1,2,55.1,0,1,1,1,1,1,0.083,12,2,2,0
usr_0768,25,0,53636.24,1,3,1,122.7,-92.4,2,1,1,25.08,0,0,1,0,0,0,0.005,999,1,4,1
usr_0769,56,0,67068.65,1,3,3,55.5,13.7,2,0,0,5.28,0,1,0,1,1,5,0.263,12,2,1,0
usr_0770,43,1,35706.57,1,1,1,297.1,120.4,6,1,1,36.32,0,0,1,1,1,1,0.067,60,2,1,0
usr_0771,51,1,27032.34,1,1,3,117.2,-68.7,5,1,3,89.45,1,1,0,0,0,0,0.005,999,1,1,1
usr_0772,20,1,69722.01,0,4,3,57.3,-84.2,1,1,3,30.48,1,1,0,1,1,3,0.12,5,2,1,0
usr_0773,29,1,61775.37,0,1,0,131.7,-32.7,3,1,4,130.41,1,0,1,1,1,5,0.312,180,1,4,1
usr_0774,18,0,38763.07,0,1,2,438.6,205.4,9,1,3,123.79,1,1,1,1,1,5,0.147,60,2,2,1
usr_0775,61,1,39346.06,1,1,2,68.2,-128.2,2,1,1,21.54,1,0,1,1,1,2,0.083,180,0,2,1
usr_0776,22,0,75257.83,1,1,3,214.0,54.0,6,1,1,26.3,0,1,1,1,1,4,0.19,30,2,1,1
usr_0777,47,1,33590.59,1,2,3,252.3,79.8,5,1,2,71.05,1,0,0,0,0,0,0.005,999,1,4,1
usr_0778,47,0,84568.11,1,4,2,148.0,-22.9,4,1,2,23.06,1,0,0,1,1,2,0.125,180,1,0,1
usr_0779,34,0,38788.83,1,2,0,159.7,-31.6,3,1,1,27.73,0,1,1,1,1,4,0.133,180,2,0,1
usr_0780,64,0,66491.05,1,2,2,310.1,187.3,7,0,0,5.84,1,1,0,0,0,0,0.005,999,1,0,1
usr_0781,40,0,49084.87,0,3,0,185.8,32.6,5,1,3,82.53,1,0,1,0,0,0,0.005,999,1,2,1
usr_0782,32,1,65857.37,1,2,2,84.9,-136.5,2,1,1,21.62,1,0,1,1,1,1,0.053,60,0,2,1
usr_0783,54,0,45205.95,0,4,3,252.8,75.7,6,1,1,22.0,1,0,1,1,1,1,0.125,5,2,1,0
usr_0784,38,0,52069.73,0,4,1,124.6,-21.4,3,1,1,19.1,0,1,0,0,0,0,0.005,999,1,2,0
usr_0785,31,0,55736.55,0,1,2,158.8,11.1,3,1,2,53.87,1,0,1,0,0,0,0.005,999,1,1,1
usr_0786,19,0,36960.63,0,3,1,119.1,-89.7,3,0,0,4.49,0,0,0,0,0,0,0.005,999,1,0,1
usr_0787,28,0,68334.84,1,2,1,178.1,18.8,5,1,2,101.79,1,0,1,1,1,2,0.091,30,0,0,1
usr_0788,56,0,45762.16,1,4,0,267.1,66.7,5,1,1,32.29,1,1,1,0,0,0,0.005,999,1,1,1
usr_0789,55,1,50885.2,0,2,2,47.4,-107.5,1,0,0,5.34,1,0,0,1,1,2,0.222,5,1,3,0
usr_0790,51,1,37101.71,1,4,3,180.1,45.3,5,1,1,24.47,0,0,0,0,0,0,0.005,999,1,2,1
usr_0791,55,1,18000.0,1,3,3,93.9,-95.9,8,1,2,30.53,0,0,1,1,1,4,0.4,12,0,0,1
usr_0792,51,1,51561.5,0,1,0,95.1,-81.0,3,1,4,187.25,0,0,1,1,1,6,0.176,12,2,0,1
usr_0793,35,0,98427.08,1,2,3,132.2,-75.2,4,1,2,54.48,0,1,0,1,1,6,0.5,5,2,3,0
usr_0794,47,1,69122.88,0,4,2,79.5,-135.9,2,1,3,113.25,1,1,0,1,0,0,0.005,999,1,0,1
usr_0795,32,1,54653.31,1,4,0,75.2,-90.5,2,0,0,5.64,1,1,0,0,0,0,0.005,999,1,1,0
usr_0796,44,1,50267.97,1,1,0,271.5,77.5,5,0,0,5.2,1,0,0,1,0,0,0.005,999,1,0,0
usr_0797,51,0,55404.39,0,3,0,135.3,-29.1,4,1,1,39.63,1,1,1,0,0,0,0.005,999,1,1,0
usr_0798,55,0,64848.14,0,2,3,138.9,-66.4,4,1,1,34.22,0,0,0,1,1,5,0.333,12,1,1,0
usr_0799,50,0,33745.37,1,1,2,263.7,74.4,6,1,2,70.2,0,0,1,0,0,0,0.005,999,1,0,1
usr_0800,41,0,75057.79,1,2,2,146.4,-8.6,5,1,2,83.4,0,1,1,1,1,5,0.312,12,0,1,1
usr_0801,32,1,67876.86,0,1,0,130.0,-21.7,2,1,4,114.89,1,0,0,1,0,0,0.005,999,1,1,1
usr_0802,47,1,67927.34,1,4,2,161.4,-29.3,3,1,1,44.44,1,0,0,1,1,3,0.167,90,0,0,1
usr_0803,59,1,62892.56,1,2,0,168.4,-58.1,6,1,1,26.34,1,1,0,1,1,2,0.091,5,0,2,0
usr_0804,34,1,55353.1,1,4,1,429.8,213.7,8,1,1,32.61,0,0,1,1,1,2,0.087,12,1,3,0
usr_0805,22,1,67111.5,1,1,2,285.8,143.5,5,0,0,4.29,0,1,0,1,1,2,0.167,180,2,0,0
usr_0806,46,1,65652.65,1,2,0,144.0,-2.5,5,1,1,18.97,1,1,1,1,1,2,0.077,30,2,0,1
usr_0807,21,1,48627.27,1,1,3,90.6,-61.8,3,1,1,43.05,0,0,1,0,0,0,0.005,999,1,0,1
usr_0808,27,0,44675.17,1,1,0,110.5,-45.6,3,1,1,35.81,1,0,1,1,0,0,0.005,999,1,1,1
usr_0809,34,0,56833.41,1,1,2,127.6,20.3,5,1,1,58.41,0,0,0,1,1,1,0.037,5,2,3,0
usr_0810,27,0,82882.36,0,1,1,135.0,-76.6,4,0,0,4.92,0,0,0,0,0,0,0.005,999,1,0,0
usr_0811,34,1,32696.07,0,3,1,118.1,-43.7,3,1,1,31.91,1,0,1,1,1,1,0.043,12,0,1,0
usr_0812,37,1,28584.55,1,1,0,426.9,228.4,9,1,1,46.28,0,1,0,1,0,0,0.005,999,1,0,1
usr_0813,41,0,57965.7,1,2,0,176.4,9.0,4,1,0,4.89,1,0,0,1,1,4,0.4,60,2,1,0
usr_0814,22,1,55915.98,0,2,3,241.8,62.7,6,1,1,33.85,1,0,1,1,0,0,0.005,999,1,0,1
usr_0815,51,0,58120.15,1,4,0,251.9,99.3,7,1,1,18.73,0,0,1,1,1,2,0.167,30,2,4,0
usr_0816,23,1,59391.16,1,4,3,182.6,3.7,7,1,1,20.61,1,0,0,0,0,0,0.005,999,1,2,1
usr_0817,19,0,50982.36,0,2,3,248.0,102.8,5,0,0,4.44,1,1,0,0,0,0,0.005,999,1,1,1
usr_0818,30,0,81817.54,1,2,0,340.3,161.1,7,1,1,28.04,0,0,1,1,1,1,0.036,60,1,3,1
usr_0819,60,1,26183.73,0,1,0,175.5,-62.8,5,1,2,67.6,1,1,1,1,0,0,0.005,999,1,0,1
usr_0820,60,0,40087.05,0,4,2,66.1,-134.7,2,1,1,42.98,1,0,0,1,1,3,0.1,180,1,0,1
usr_0821,28,0,53141.41,1,1,3,305.9,114.3,5,1,2,77.84,0,0,1,1,1,3,0.167,30,2,4,1
usr_0822,64,0,25422.6,1,1,3,313.2,186.0,7,1,1,26.43,1,0,0,0,0,0,0.005,999,1,1,1
usr_0823,40,1,51834.62,0,1,1,236.3,33.6,5,1,1,39.4,0,0,1,1,1,4,0.133,180,2,4,1
usr_0824,33,1,84906.46,1,2,2,284.2,77.6,6,1,2,49.38,1,1,1,0,0,0,0.005,999,1,2,1
usr_0825,48,0,55375.96,1,1,0,114.8,-75.9,4,1,1,22.86,1,0,0,0,0,0,0.005,999,1,4,1
usr_0826,28,1,59152.62,0,3,3,360.4,171.8,6,1,2,70.11,0,1,1,1,0,0,0.005,999,1,2,1
usr_0827,33,1,32317.03,0,1,3,399.2,224.8,11,1,1,25.48,0,0,0,0,0,0,0.005,999,1,0,1
usr_0828,25,0,43905.49,1,3,0,162.1,-43.9,3,1,1,26.87,0,1,1,1,1,5,0.333,30,0,3,1
usr_0829,21,0,48246.47,0,1,0,357.5,121.6,6,1,2,79.9,0,0,0,0,0,0,0.005,999,1,0,0
usr_0830,57,0,49281.13,1,1,0,299.3,106.1,7,0,0,5.82,1,0,0,0,0,0,0.005,999,1,2,1
usr_0831,21,0,78069.59,1,4,0,90.0,-51.1,3,1,1,29.03,1,0,0,1,1,3,0.188,90,2,1,0
usr_0832,42,1,65038.44,1,1,3,62.9,-81.3,5,0,0,4.73,0,0,0,1,1,1,0.067,60,1,2,1
usr_0833,20,0,34993.76,0,4,1,91.6,-117.4,2,1,1,26.12,1,1,1,0,0,0,0.005,999,1,2,1
usr_0834,49,1,59437.09,1,2,0,184.5,43.0,4,0,0,5.4,1,0,0,1,1,3,0.176,12,1,3,1
usr_0835,20,1,63967.99,1,1,0,111.6,-76.4,3,1,1,39.73,1,0,0,1,1,1,0.111,12,2,3,0
usr_0836,44,0,75522.68,0,4,3,137.4,-28.8,3,1,2,86.78,1,0,1,1,1,3,0.12,180,2,3,1
usr_0837,46,1,83449.73,0,1,2,57.7,-79.4,1,1,2,68.1,1,0,0,0,0,0,0.005,999,1,1,1
usr_0838,49,0,36728.3,0,4,1,376.0,162.7,7,1,1,29.19,0,1,1,1,1,2,0.065,30,2,3,1
usr_0839,36,1,40404.56,1,1,0,124.3,-84.0,3,1,4,156.97,0,1,1,1,0,0,0.005,999,1,2,1
usr_0840,38,1,32363.6,1,4,3,367.6,241.8,9,1,1,42.25,1,1,1,0,0,0,0.005,999,1,3,1
usr_0841,22,1,50787.64,0,1,3,201.8,2.5,5,1,1,28.16,0,0,1,0,0,0,0.005,999,1,4,0
usr_0842,35,1,63394.45,1,2,0,214.5,21.1,5,1,2,52.59,1,1,0,1,1,2,0.118,30,2,0,1
usr_0843,45,0,72772.02,0,3,0,114.0,-99.5,3,1,2,39.66,1,1,1,0,0,0,0.005,999,1,1,1
usr_0844,59,1,53632.88,1,4,0,249.0,62.3,7,1,2,52.19,1,0,0,0,0,0,0.005,999,1,3,1
usr_0845,39,1,49242.74,1,4,0,116.1,-121.0,3,0,0,4.29,0,0,0,0,0,0,0.005,999,1,0,1
usr_0846,38,1,57731.64,1,4,1,263.8,88.9,6,1,1,27.23,0,1,1,1,1,2,0.087,30,0,1,1
usr_0847,23,1,39967.43,1,4,3,102.0,-67.1,3,1,3,118.36,0,0,1,1,1,2,0.067,30,1,3,1
usr_0848,18,1,92611.7,1,1,1,47.1,-93.9,1,1,1,47.74,0,1,1,0,0,0,0.005,999,1,0,1
usr_0849,22,0,26062.1,1,1,3,506.1,363.5,8,1,2,64.4,0,0,0,1,1,1,0.111,180,2,4,0
usr_0850,58,0,58325.33,1,1,1,469.3,330.3,9,1,1,31.87,1,0,1,1,0,0,0.005,999,1,4,1
usr_0851,29,1,91424.91,1,2,2,126.6,-62.1,4,1,2,72.78,0,1,0,0,0,0,0.005,999,1,1,1
usr_0852,43,0,55122.4,0,2,2,214.0,44.8,4,1,1,27.4,0,1,1,1,1,3,0.2,90,1,2,1
usr_0853,63,1,51579.3,0,2,0,250.1,56.9,5,1,1,26.82,0,0,1,1,1,4,0.4,180,2,0,1
usr_0854,51,1,48565.98,0,1,1,167.5,35.9,4,1,0,2.99,0,1,0,1,1,3,0.188,90,1,2,1
usr_0855,31,0,51752.95,1,3,2,233.0,87.2,7,1,2,45.67,0,0,0,0,0,0,0.005,999,1,1,1
usr_0856,43,0,79711.27,1,1,0,163.2,18.1,5,1,2,78.4,0,1,0,1,1,1,0.042,60,2,3,1
usr_0857,62,1,18000.0,1,2,1,140.6,-126.2,3,1,0,5.76,1,1,0,1,1,3,0.375,5,2,0,0
usr_0858,44,0,82601.81,0,2,1,281.1,107.7,9,1,2,81.78,0,1,0,1,1,0,0.005,999,2,2,1
usr_0859,26,1,29368.77,1,3,3,331.5,154.2,6,1,1,36.23,1,0,1,1,1,3,0.12,90,2,2,1
usr_0860,43,0,50200.26,1,3,1,295.3,118.4,5,0,0,4.61,1,0,0,0,0,0,0.005,999,1,0,0
usr_0861,64,1,47273.6,1,3,3,486.3,244.2,12,1,1,38.48,0,1,0,1,0,0,0.005,999,1,3,1
usr_0862,39,0,65593.96,1,1,1,227.2,111.7,4,0,0,4.1,1,0,0,1,1,1,0.037,30,2,4,0
usr_0863,64,1,26233.76,1,2,2,82.6,-95.0,2,1,1,25.76,0,0,1,0,0,0,0.005,999,1,2,1
usr_0864,47,1,63319.11,0,1,1,138.2,23.1,4,1,1,37.71,0,1,0,0,0,0,0.005,999,1,2,0
usr_0865,60,1,91437.57,1,2,3,118.9,34.1,2,1,2,28.87,0,0,1,0,0,0,0.005,999,1,1,1
usr_0866,34,0,30462.87,0,2,1,307.3,156.7,5,1,2,64.23,0,0,0,1,0,0,0.005,999,1,1,1
usr_0867,43,1,58414.71,1,1,2,330.3,133.8,5,1,1,36.72,0,0,0,1,1,0,0.005,999,2,0,1
usr_0868,53,1,43084.32,1,1,2,144.5,-3.6,3,0,0,4.98,0,0,0,1,0,0,0.005,999,1,1,1
usr_0869,18,0,62665.97,1,4,1,213.9,18.1,4,1,3,132.37,1,0,1,0,0,0,0.005,999,1,1,0
usr_0870,25,0,55344.66,0,4,0,231.1,46.8,5,1,2,61.92,1,1,1,1,1,2,0.222,30,1,2,0
usr_0871,52,0,43453.24,1,2,0,183.0,8.6,3,0,0,5.17,0,0,0,1,1,2,0.143,60,2,0,1
usr_0872,32,1,63781.7,1,1,0,238.5,7.9,5,1,2,51.13,0,0,1,0,0,0,0.005,999,1,0,1
usr_0873,64,1,87478.27,0,1,3,211.1,54.9,4,0,0,3.99,0,1,0,0,0,0,0.005,999,1,2,1
usr_0874,39,1,51563.73,1,2,0,38.9,-156.3,1,1,1,42.94,0,1,0,0,0,0,0.005,999,1,0,1
usr_0875,31,0,67955.64,1,4,0,235.9,128.0,6,1,1,31.68,1,1,0,1,1,1,0.042,5,2,1,0
usr_0876,43,0,31721.09,1,1,2,211.6,27.6,4,1,1,33.28,0,0,1,1,0,0,0.005,999,1,0,1
usr_0877,45,1,37784.15,1,3,0,353.3,183.6,7,1,3,71.2,0,1,1,1,1,2,0.118,30,2,1,1
usr_0878,40,1,63503.31,0,1,1,164.9,32.2,3,1,1,35.38,1,0,0,0,0,0,0.005,999,1,4,1
usr_0879,31,1,81714.09,1,4,0,261.2,65.3,6,0,0,3.19,1,0,0,1,1,3,0.167,30,2,3,0
usr_0880,41,0,61401.04,0,2,3,173.4,23.0,5,1,3,113.35,0,0,1,1,1,5,0.455,90,2,0,1
usr_0881,19,1,49364.96,1,3,3,169.7,-79.6,4,1,3,66.93,1,0,0,1,1,3,0.188,5,2,1,0
usr_0882,62,0,54987.25,1,2,3,255.9,173.3,6,1,2,80.0,0,0,1,0,0,0,0.005,999,1,4,1
usr_0883,43,0,32492.66,1,3,1,227.0,37.1,5,1,1,24.02,0,1,1,1,1,5,0.167,12,1,3,0
usr_0884,31,1,65881.28,0,1,2,40.9,-140.8,1,0,0,3.6,0,0,0,1,1,1,0.042,30,2,0,1
usr_0885,24,1,70882.0,1,1,0,307.0,138.2,8,1,2,38.11,0,1,0,0,0,0,0.005,999,1,3,1
usr_0886,20,1,46862.37,1,4,0,90.4,-68.4,2,0,0,6.5,1,0,0,0,0,0,0.005,999,1,0,1
usr_0887,64,0,46539.24,1,4,0,78.0,-104.7,5,0,0,3.68,0,0,0,1,1,4,0.235,90,1,1,1
usr_0888,40,0,59785.81,1,4,1,162.5,-60.0,3,1,1,28.41,0,0,1,1,1,1,0.036,90,1,0,1
usr_0889,63,1,47139.04,1,3,1,180.4,67.3,4,0,0,4.9,0,1,0,1,0,0,0.005,999,1,4,1
usr_0890,60,1,53809.61,1,4,1,185.2,37.4,4,0,0,6.25,0,1,0,0,0,0,0.005,999,1,2,0
usr_0891,64,0,92794.99,1,1,0,249.2,111.2,7,1,1,38.34,1,1,1,1,1,3,0.188,60,1,0,1
usr_0892,62,0,50553.54,0,2,1,247.7,111.6,5,0,0,5.25,0,1,0,0,0,0,0.005,999,1,2,1
usr_0893,35,0,48549.88,0,2,2,132.6,-61.1,4,0,0,4.55,0,1,0,1,1,7,0.241,12,1,0,0
usr_0894,55,1,43344.25,1,3,1,172.0,-31.6,5,1,0,5.14,1,1,0,1,1,4,0.222,30,1,0,1
usr_0895,52,0,68395.46,1,2,2,392.8,170.2,8,0,0,5.93,0,1,0,1,1,2,0.087,180,1,1,0
usr_0896,32,0,51737.96,1,1,0,322.5,118.3,7,1,2,49.91,0,0,0,0,0,0,0.005,999,1,2,1
usr_0897,42,0,43311.29,1,3,3,160.5,-46.9,6,1,2,63.0,0,0,1,1,1,3,0.143,5,2,0,1
usr_0898,54,0,78783.47,0,4,1,307.1,183.6,5,1,1,33.84,0,0,1,1,1,2,0.2,180,0,1,1
usr_0899,45,0,80552.85,1,2,0,105.2,-134.1,3,1,1,35.02,0,0,1,1,1,5,0.263,60,2,1,1
usr_0900,27,1,44192.38,0,1,0,127.7,-43.9,3,0,0,3.34,0,0,0,1,1,3,0.097,5,2,2,0
usr_0901,56,0,21402.28,0,1,2,378.3,157.0,6,1,0,5.15,1,0,0,1,1,5,0.161,5,2,0,0
usr_0902,34,1,73135.25,1,1,3,58.3,-66.7,3,1,1,28.04,1,0,1,1,0,0,0.005,999,1,0,0
usr_0903,56,0,42676.66,0,1,1,90.6,-79.7,4,1,1,22.53,1,0,1,0,0,0,0.005,999,1,1,0
usr_0904,39,1,69231.26,1,3,0,193.7,-24.0,4,1,2,96.88,1,1,0,1,1,3,0.188,180,2,1,1
usr_0905,43,1,19538.13,0,3,3,53.5,-127.6,4,1,1,32.47,0,0,1,0,0,0,0.005,999,1,2,0
usr_0906,61,1,71066.75,1,3,2,43.5,-106.3,2,1,1,37.93,1,0,0,1,1,4,0.167,12,0,4,1
usr_0907,42,1,33198.91,1,2,1,391.2,158.8,7,0,0,3.84,0,1,0,1,1,3,0.103,90,0,0,1
usr_0908,34,0,68153.75,0,4,1,82.7,-50.4,2,1,2,68.97,0,0,1,0,0,0,0.005,999,1,2,1
usr_0909,30,0,55256.92,1,1,0,277.9,98.7,4,1,1,28.67,0,0,1,1,1,3,0.13,60,2,0,1
usr_0910,37,1,37829.09,1,2,2,95.2,-110.4,3,1,2,55.3,0,0,0,1,1,2,0.118,180,2,0,1
usr_0911,42,1,47673.35,1,4,1,121.0,-142.8,3,1,1,15.84,1,0,0,1,1,3,0.107,5,1,1,0
usr_0912,21,1,67353.73,0,1,3,337.9,176.2,7,1,2,66.28,0,0,1,1,1,2,0.095,5,1,2,0
usr_0913,27,1,56906.1,1,1,1,240.8,71.9,5,1,3,103.21,0,0,1,1,1,3,0.115,60,2,3,1
usr_0914,20,1,65519.43,1,4,1,49.4,-112.8,1,1,3,94.85,0,0,1,1,1,4,0.364,180,1,2,1
usr_0915,58,1,90575.93,1,2,1,173.6,-15.9,5,1,1,33.15,0,1,1,0,0,0,0.005,999,1,0,1
usr_0916,62,0,26843.65,1,3,3,183.6,-19.9,4,1,1,22.35,0,0,0,0,0,0,0.005,999,1,2,1
usr_0917,35,1,84109.83,1,1,3,238.6,14.9,4,1,1,29.65,0,1,0,1,0,0,0.005,999,1,3,1
usr_0918,64,1,56878.41,1,3,1,307.4,97.2,6,1,3,80.4,0,0,0,1,1,1,0.1,90,1,1,1
usr_0919,53,0,38821.89,1,2,2,109.7,-50.4,3,1,1,37.32,1,0,0,0,0,0,0.005,999,1,4,1
usr_0920,64,1,31054.35,1,1,1,153.0,-59.5,5,0,0,5.71,0,1,0,1,0,0,0.005,999,1,0,1
usr_0921,39,0,51595.83,1,3,1,329.4,145.7,10,1,1,26.88,0,0,0,0,0,0,0.005,999,1,3,0
usr_0922,51,1,71589.7,1,1,0,61.9,-147.9,2,1,0,3.87,1,1,0,1,1,4,0.19,30,2,1,1
usr_0923,64,0,52704.12,1,2,1,179.6,-32.5,4,1,1,23.68,1,0,1,0,0,0,0.005,999,1,2,1
usr_0924,25,1,82200.79,1,1,0,410.6,165.4,8,1,1,29.37,0,1,1,1,1,3,0.125,5,2,2,0
usr_0925,57,1,28878.84,0,1,3,129.9,-35.9,3,1,1,36.66,0,0,1,1,1,3,0.111,30,2,1,1
usr_0926,61,0,54782.4,1,1,0,497.6,339.4,8,0,0,4.04,1,0,0,1,1,1,0.059,90,2,4,0
usr_0927,36,1,32456.92,1,1,3,441.6,243.7,7,1,3,94.53,0,1,0,1,1,2,0.077,30,1,0,1
usr_0928,59,1,61545.37,1,4,1,231.0,3.7,5,1,2,52.0,0,1,1,1,1,2,0.065,5,2,0,1
usr_0929,58,1,70963.97,1,1,2,109.3,-73.0,2,1,2,42.69,0,0,0,1,1,0,0.005,999,2,3,1
usr_0930,54,0,47426.29,1,2,1,41.7,-188.2,1,1,1,46.92,1,1,1,1,1,3,0.214,180,0,0,1
usr_0931,23,0,18000.0,1,1,0,333.5,125.9,9,1,2,84.06,1,0,1,0,0,0,0.005,999,1,1,1
usr_0932,43,0,58581.07,0,2,1,233.6,61.6,4,1,1,27.22,1,0,1,1,1,3,0.13,12,1,2,0
usr_0933,51,1,62861.29,1,4,0,111.6,-90.9,3,0,0,3.59,0,0,0,1,1,3,0.214,90,0,2,1
usr_0934,62,1,62277.31,1,1,2,417.4,254.8,7,0,0,3.87,0,1,0,1,1,1,0.143,180,2,4,1
usr_0935,23,1,77244.08,1,4,1,279.3,89.8,5,1,1,19.26,0,1,1,1,1,3,0.158,60,1,2,1
usr_0936,54,1,35721.03,0,1,2,61.5,-75.6,1,1,0,5.01,1,0,0,1,1,4,0.211,180,2,3,1
usr_0937,50,1,67243.89,1,3,0,142.1,-35.2,5,1,4,126.93,1,0,1,1,1,2,0.143,90,2,4,1
usr_0938,39,1,76465.14,0,2,0,85.0,-135.0,2,0,0,5.3,0,1,0,1,1,2,0.286,90,1,1,1
usr_0939,38,0,22985.42,0,4,1,251.2,40.5,5,1,1,34.65,1,0,1,0,0,0,0.005,999,1,1,1
usr_0940,23,1,60753.73,0,3,3,209.7,4.9,7,1,1,37.43,0,0,0,1,1,1,0.077,30,1,2,1
usr_0941,23,0,45924.76,0,2,2,125.7,-65.8,3,1,1,34.22,0,0,0,0,0,0,0.005,999,1,0,1
usr_0942,21,1,53532.59,1,1,1,453.7,267.3,9,1,1,23.35,1,0,1,0,0,0,0.005,999,1,0,1
usr_0943,47,1,61258.18,1,1,1,145.2,15.9,4,0,0,4.91,0,0,0,1,1,0,0.005,999,2,2,1
usr_0944,28,1,46229.89,1,4,0,102.0,-69.8,3,1,2,74.17,0,0,1,0,0,0,0.005,999,1,4,1
usr_0945,47,0,42837.25,1,2,3,159.6,-27.7,8,1,1,28.58,0,1,0,1,1,3,0.2,180,2,1,1
usr_0946,48,0,55614.74,0,2,2,83.2,-51.8,2,1,1,17.23,1,1,1,1,1,3,0.107,180,2,0,1
usr_0947,41,0,35429.57,1,3,0,357.4,247.5,7,1,2,82.95,1,0,1,1,1,3,0.188,90,1,1,1
usr_0948,26,0,35455.15,1,2,1,219.2,-6.0,7,1,3,98.12,1,0,1,0,0,0,0.005,999,1,1,1
usr_0949,20,0,67228.72,1,4,0,133.1,-48.9,3,1,2,19.63,1,0,0,0,0,0,0.005,999,1,1,1
usr_0950,48,1,34321.71,1,3,3,199.0,10.6,5,1,1,48.56,0,0,0,1,0,0,0.005,999,1,2,1
usr_0951,57,1,66993.63,1,3,0,204.5,2.3,6,1,1,28.17,0,1,1,0,0,0,0.005,999,1,0,1
usr_0952,54,0,63326.64,0,4,2,312.8,172.1,6,1,1,51.51,1,1,0,1,1,2,0.25,90,2,1,1
usr_0953,53,0,23935.48,1,1,0,131.9,-32.0,2,1,2,70.04,1,1,0,1,1,3,0.115,90,2,3,1
usr_0954,41,0,42803.84,0,1,2,376.9,136.7,7,1,3,91.14,1,1,1,1,0,0,0.005,999,1,2,1
usr_0955,48,1,76493.97,1,2,2,139.1,-21.4,4,0,0,4.86,1,0,0,1,1,1,0.05,60,1,0,1
usr_0956,23,1,37339.02,1,1,2,459.9,290.5,7,1,1,26.33,1,0,0,0,0,0,0.005,999,1,1,1
usr_0957,19,1,46640.72,1,3,2,220.6,67.4,4,1,2,64.98,0,1,0,1,1,5,0.152,30,1,0,1
usr_0958,37,1,63317.1,0,4,3,116.0,-34.4,3,1,1,48.08,0,1,0,0,0,0,0.005,999,1,4,1
usr_0959,45,1,69101.03,1,2,0,288.8,64.6,9,1,1,24.81,1,0,1,1,1,1,0.167,30,0,0,0
usr_0960,28,1,50472.3,0,2,0,66.0,-14.9,1,1,1,36.27,1,0,0,1,1,1,0.053,5,1,4,0
usr_0961,21,0,44244.82,1,4,0,138.8,-22.9,3,1,1,26.24,1,1,1,0,0,0,0.005,999,1,3,1
usr_0962,32,1,80602.66,0,2,3,191.2,2.2,6,1,4,122.62,0,0,0,0,0,0,0.005,999,1,1,1
usr_0963,23,0,86300.19,0,2,1,280.1,32.2,7,1,1,47.81,0,1,0,1,0,0,0.005,999,1,1,0
usr_0964,47,1,72619.44,1,2,2,188.1,53.5,5,0,0,5.76,1,1,0,1,0,0,0.005,999,1,3,1
usr_0965,55,0,56535.73,1,4,2,163.1,35.3,5,1,0,3.87,1,0,0,0,0,0,0.005,999,1,0,1
usr_0966,19,1,40451.22,0,3,0,221.2,75.6,4,0,0,3.45,1,1,0,1,1,5,0.385,60,1,0,0
usr_0967,32,1,40052.0,0,3,0,407.5,199.4,8,1,1,53.56,0,1,1,1,1,3,0.107,5,1,0,1
usr_0968,28,1,64405.25,1,4,0,112.6,-72.4,2,1,1,24.4,1,1,0,1,1,1,0.167,30,1,1,0
usr_0969,25,1,62531.17,1,2,1,262.0,139.7,5,0,0,6.22,1,0,0,1,1,2,0.1,30,1,1,1
usr_0970,43,0,80228.77,1,2,0,186.5,2.5,6,1,2,90.98,1,0,0,0,0,0,0.005,999,1,4,1
usr_0971,62,0,66708.1,0,4,0,78.0,-164.1,2,1,2,57.89,0,0,0,1,1,4,0.143,60,2,0,1
usr_0972,61,0,27944.55,1,2,3,185.0,-5.6,3,1,1,35.28,0,0,0,1,1,4,0.121,180,2,3,1
usr_0973,22,0,73935.06,0,3,3,219.0,32.4,5,1,1,45.73,1,0,1,1,1,3,0.188,180,2,0,1
usr_0974,23,1,37034.91,0,4,0,146.6,-42.4,6,1,4,141.55,0,0,0,1,0,0,0.005,999,1,1,1
usr_0975,43,0,48088.52,1,3,0,140.3,-56.3,3,1,1,49.85,0,1,1,1,1,1,0.045,180,1,0,1
usr_0976,21,1,59503.6,1,3,0,60.4,-68.9,1,1,2,66.18,0,0,1,0,0,0,0.005,999,1,4,1
usr_0977,36,1,90922.01,0,4,2,151.4,-19.3,3,1,1,26.33,1,0,0,1,1,5,0.172,5,1,0,1
usr_0978,37,1,110978.53,0,4,3,98.7,-74.1,3,1,2,26.34,0,0,1,1,0,0,0.005,999,1,2,1
usr_0979,50,0,65921.02,0,2,0,137.8,-22.9,2,1,2,68.81,0,1,1,0,0,0,0.005,999,1,0,1
usr_0980,37,1,51702.46,1,1,0,56.5,-150.9,2,1,2,28.22,1,1,1,1,1,3,0.12,90,0,3,1
usr_0981,29,1,64621.1,1,2,2,384.5,229.9,9,1,3,103.79,1,0,1,0,0,0,0.005,999,1,1,1
usr_0982,64,1,70977.8,0,3,2,134.2,-31.4,2,1,3,131.03,0,1,1,1,1,1,0.038,180,2,0,1
usr_0983,18,1,49227.98,0,2,0,248.0,118.4,5,1,1,31.86,0,0,0,1,1,3,0.214,60,0,2,1
usr_0984,43,1,87313.8,1,3,2,262.7,67.6,5,0,0,4.48,1,0,0,1,1,5,0.263,5,1,0,0
usr_0985,31,0,59141.27,1,2,0,121.9,-95.8,4,1,1,39.33,0,1,1,1,1,1,0.071,180,1,1,0
usr_0986,55,1,63959.38,1,3,1,277.5,111.9,6,1,2,74.71,1,1,1,1,1,3,0.15,60,2,0,1
usr_0987,54,0,66986.64,0,1,2,131.2,-81.1,3,1,2,82.57,0,0,1,1,1,2,0.083,60,0,2,1
usr_0988,28,0,62588.56,0,3,3,118.3,-55.8,4,1,0,4.24,1,1,0,1,1,5,0.238,30,1,1,1
usr_0989,53,0,70100.93,1,2,1,365.2,286.3,7,0,0,5.0,1,1,0,0,0,0,0.005,999,1,0,1
usr_0990,30,0,43889.44,1,1,3,253.8,75.9,8,1,2,82.82,1,0,1,0,0,0,0.005,999,1,2,1
usr_0991,60,0,44950.57,0,1,1,170.4,-2.6,5,1,1,30.09,0,0,0,1,1,6,0.214,12,1,0,0
usr_0992,20,0,35197.22,1,3,2,283.6,99.5,6,1,1,24.97,1,0,1,1,1,2,0.182,180,2,1,0
usr_0993,50,1,62911.02,0,2,1,127.3,-62.8,3,1,2,69.37,0,0,0,1,0,0,0.005,999,1,2,0
usr_0994,23,1,69020.86,1,1,3,222.7,70.1,5,1,1,33.49,1,0,1,1,1,4,0.174,30,1,4,0
usr_0995,27,1,63239.91,0,4,3,162.7,-76.2,4,1,0,6.19,0,1,0,1,1,1,0.125,180,1,0,0
usr_0996,22,0,85140.86,0,3,0,354.2,176.8,6,0,0,3.56,1,0,0,0,0,0,0.005,999,1,2,1
usr_0997,40,0,54899.27,1,4,3,99.2,-72.8,3,0,0,3.36,0,1,0,1,1,3,0.231,5,2,1,0
usr_0998,27,1,67037.35,1,2,3,150.2,-59.6,4,1,1,25.2,1,0,1,1,1,3,0.231,5,2,1,0
usr_0999,61,0,35349.38,1,2,2,378.7,198.0,8,1,1,32.92,0,0,0,1,1,3,0.111,90,0,1,1
usr_1000,19,0,48032.21,1,4,0,40.6,-242.0,1,1,1,34.99,0,0,1,1,1,4,0.444,12,2,0,0
